customer_id,age,income_bracket,region,cust_creation_date,is_active
1,52,Medium,East,07/10/2021,TRUE
2,42,Low,North,12/01/2021,TRUE
3,68,Low,West,28/02/2023,TRUE
4,56,High,North,26/11/2022,TRUE
5,38,Medium,East,20/09/2022,TRUE
6,38,Medium,South,03/01/2022,TRUE
7,29,Low,South,10/09/2021,TRUE
8,49,Medium,East,17/06/2025,TRUE
9,46,Medium,North,24/07/2021,TRUE
10,23,Medium,North,29/05/2024,TRUE
11,35,Medium,South,02/02/2021,TRUE
12,40,Low,South,27/01/2021,TRUE
13,57,Medium,East,14/08/2021,TRUE
14,26,Medium,North,06/09/2022,TRUE
15,56,Low,North,19/10/2022,TRUE
16,47,Low,South,13/02/2025,TRUE
17,22,High,South,17/01/2021,TRUE
18,34,Low,East,05/08/2025,TRUE
19,49,Low,West,06/07/2022,TRUE
20,39,Medium,North,16/06/2025,TRUE
21,60,Medium,North,22/05/2024,TRUE
22,58,Medium,North,11/09/2022,TRUE
23,49,Medium,North,22/08/2024,TRUE
24,59,Medium,South,10/03/2023,TRUE
25,57,High,South,16/11/2020,TRUE
26,65,Low,East,07/03/2022,TRUE
27,50,Medium,South,01/06/2024,TRUE
28,68,Medium,South,19/09/2023,TRUE
29,46,Medium,East,09/03/2023,TRUE
30,40,High,North,22/02/2022,TRUE
31,67,Low,North,26/08/2022,TRUE
32,37,Low,North,07/09/2023,TRUE
33,58,High,North,09/09/2021,TRUE
34,49,High,East,11/08/2021,TRUE
35,34,Low,South,20/01/2024,TRUE
36,40,High,West,23/08/2021,TRUE
37,45,Medium,North,16/11/2023,TRUE
38,41,Low,South,30/09/2023,TRUE
39,42,Medium,East,26/01/2023,TRUE
40,51,Medium,West,10/03/2021,TRUE
41,18,Low,North,23/09/2024,TRUE
42,44,Medium,East,20/05/2025,TRUE
43,42,Low,South,18/11/2021,TRUE
44,49,High,North,16/01/2024,TRUE
45,62,Low,East,28/06/2021,TRUE
46,56,Medium,East,08/07/2025,TRUE
47,53,Low,West,25/04/2023,TRUE
48,77,Medium,North,24/11/2023,TRUE
49,46,Medium,North,24/09/2025,TRUE
50,37,Medium,North,16/06/2022,TRUE
51,29,Medium,South,31/05/2021,TRUE
52,52,High,North,18/03/2021,TRUE
53,33,High,West,05/10/2022,TRUE
54,40,Low,East,14/04/2023,TRUE
55,48,Medium,North,01/07/2021,TRUE
56,64,Low,West,20/10/2022,TRUE
57,48,Medium,South,05/09/2021,TRUE
58,56,Medium,West,21/01/2024,TRUE
59,48,Medium,North,09/03/2023,TRUE
60,50,Low,West,04/09/2024,TRUE
61,49,Low,North,04/12/2023,TRUE
62,34,Medium,East,16/03/2022,TRUE
63,27,Medium,North,21/12/2023,TRUE
64,54,Medium,East,04/11/2023,TRUE
65,59,Medium,East,08/08/2022,TRUE
66,51,Low,South,03/02/2023,TRUE
67,31,High,South,05/06/2021,TRUE
68,32,High,East,11/04/2022,TRUE
69,45,Medium,South,13/05/2025,TRUE
70,66,Low,East,26/11/2022,TRUE
71,28,High,West,18/03/2022,TRUE
72,52,High,South,02/10/2024,TRUE
73,52,High,West,18/01/2024,TRUE
74,43,Low,South,12/02/2023,TRUE
75,38,Low,East,23/07/2025,TRUE
76,57,High,East,09/09/2022,TRUE
77,31,Medium,West,31/07/2023,TRUE
78,47,Low,East,18/04/2021,TRUE
79,50,Medium,East,08/10/2022,TRUE
80,53,Medium,South,03/02/2021,TRUE
81,52,High,West,04/07/2023,TRUE
82,52,Medium,East,26/03/2024,TRUE
83,53,Medium,East,05/02/2023,TRUE
84,62,High,South,20/05/2021,TRUE
85,33,Medium,North,13/08/2022,TRUE
86,41,Medium,East,24/08/2025,TRUE
87,55,Low,North,01/07/2023,TRUE
88,20,High,South,18/08/2022,TRUE
89,45,Medium,North,25/01/2025,TRUE
90,28,Medium,North,09/03/2024,TRUE
91,45,Medium,East,21/09/2024,TRUE
92,35,Medium,West,13/01/2022,TRUE
93,18,Medium,South,27/01/2023,TRUE
94,47,Medium,North,03/01/2022,TRUE
95,52,Medium,North,02/12/2022,TRUE
96,57,Low,South,06/08/2025,TRUE
97,71,Medium,South,28/05/2025,TRUE
98,51,High,East,21/01/2023,TRUE
99,76,Medium,North,17/10/2025,TRUE
100,60,Medium,East,19/06/2024,TRUE
101,51,Medium,North,13/10/2025,TRUE
102,56,Medium,South,20/03/2024,TRUE
103,41,Medium,East,25/11/2023,TRUE
104,26,Medium,North,08/09/2022,TRUE
105,66,Medium,West,30/12/2021,TRUE
106,23,Medium,North,26/02/2025,TRUE
107,47,Low,East,07/01/2025,TRUE
108,35,High,East,05/08/2021,TRUE
109,68,Medium,East,22/03/2021,TRUE
110,26,High,South,02/10/2021,TRUE
111,49,Low,South,13/02/2022,TRUE
112,35,High,North,08/03/2022,TRUE
113,36,Low,East,30/05/2024,TRUE
114,57,Medium,West,12/05/2021,TRUE
115,57,Low,North,04/02/2024,TRUE
116,54,Medium,West,25/01/2024,TRUE
117,44,Medium,East,20/10/2024,TRUE
118,46,Medium,West,27/04/2025,TRUE
119,41,Medium,East,17/12/2022,TRUE
120,61,Low,West,11/07/2025,TRUE
121,64,Medium,West,01/12/2020,TRUE
122,45,Medium,North,17/10/2021,TRUE
123,49,High,East,22/05/2025,TRUE
124,43,Medium,South,02/02/2023,TRUE
125,29,Medium,East,18/09/2023,TRUE
126,26,Medium,East,08/10/2021,TRUE
127,44,Low,East,26/04/2023,TRUE
128,31,Medium,West,08/07/2024,TRUE
129,32,Low,East,02/03/2022,TRUE
130,40,Medium,North,05/09/2024,TRUE
131,48,Low,West,06/11/2020,TRUE
132,37,Medium,North,23/01/2023,TRUE
133,23,High,West,29/01/2025,TRUE
134,23,High,East,05/05/2022,TRUE
135,34,Medium,East,20/02/2025,TRUE
136,41,Medium,West,22/09/2021,TRUE
137,44,Low,South,12/05/2023,TRUE
138,29,Low,North,20/02/2025,TRUE
139,49,Medium,East,06/07/2022,TRUE
140,32,High,South,13/02/2022,TRUE
141,55,Low,West,01/01/2024,TRUE
142,38,Low,West,12/03/2022,TRUE
143,48,Low,East,29/05/2025,TRUE
144,45,High,East,01/05/2025,TRUE
145,66,Medium,East,28/10/2020,TRUE
146,59,Medium,West,31/07/2023,TRUE
147,77,Low,North,23/12/2024,TRUE
148,32,Medium,South,26/12/2020,TRUE
149,33,High,West,09/10/2021,TRUE
150,47,Medium,East,28/11/2023,TRUE
151,59,Medium,North,09/06/2023,TRUE
152,36,High,West,09/11/2022,TRUE
153,25,High,West,24/04/2021,TRUE
154,72,Low,North,14/11/2022,TRUE
155,62,High,North,24/08/2025,TRUE
156,37,Medium,South,28/06/2021,TRUE
157,43,Medium,South,20/07/2021,TRUE
158,63,Low,West,14/12/2024,TRUE
159,45,Medium,West,30/05/2021,TRUE
160,45,High,North,09/05/2025,TRUE
161,28,High,East,21/11/2021,TRUE
162,42,Low,East,29/11/2021,TRUE
163,21,Low,East,11/11/2024,TRUE
164,64,Medium,East,01/07/2025,TRUE
165,62,Medium,East,24/03/2022,TRUE
166,46,High,South,28/01/2023,TRUE
167,54,Medium,North,23/04/2025,TRUE
168,65,Low,North,02/06/2024,TRUE
169,60,Medium,South,16/08/2022,TRUE
170,18,High,South,29/05/2025,TRUE
171,67,Medium,East,13/07/2022,TRUE
172,46,High,West,22/06/2023,TRUE
173,19,Medium,West,19/03/2024,TRUE
174,44,Medium,South,31/12/2023,TRUE
175,25,Low,North,19/07/2024,TRUE
176,55,Low,North,23/03/2025,TRUE
177,50,Low,South,29/08/2024,TRUE
178,30,High,South,06/11/2021,TRUE
179,30,Low,North,06/12/2022,TRUE
180,52,Low,South,25/09/2022,TRUE
181,43,Low,South,13/05/2021,TRUE
182,29,Medium,East,12/09/2023,TRUE
183,34,High,West,31/12/2020,TRUE
184,48,Low,South,13/07/2025,TRUE
185,54,Low,North,11/10/2022,TRUE
186,56,Medium,South,11/09/2022,TRUE
187,22,Medium,East,18/11/2020,TRUE
188,65,Low,South,04/06/2021,TRUE
189,53,Medium,East,27/04/2021,TRUE
190,49,Low,South,08/10/2022,TRUE
191,20,Low,South,24/05/2021,TRUE
192,48,Low,South,01/02/2021,TRUE
193,35,Low,West,19/08/2023,TRUE
194,28,Medium,East,04/06/2021,TRUE
195,44,Low,East,12/03/2025,TRUE
196,67,Medium,East,05/11/2022,TRUE
197,29,Low,South,11/03/2023,TRUE
198,42,Medium,East,13/12/2024,TRUE
199,24,Low,North,23/08/2022,TRUE
200,53,Low,North,29/05/2025,TRUE
201,36,Low,West,12/12/2021,TRUE
202,32,Low,East,05/09/2025,TRUE
203,49,Low,South,21/09/2025,TRUE
204,44,High,West,03/11/2024,TRUE
205,36,Low,East,20/11/2022,TRUE
206,56,High,East,04/11/2024,TRUE
207,19,Medium,North,13/04/2024,TRUE
208,53,Medium,South,10/06/2022,TRUE
209,20,Low,East,16/08/2021,TRUE
210,45,Low,East,24/08/2021,TRUE
211,44,Medium,North,27/06/2024,TRUE
212,26,Medium,North,01/11/2023,TRUE
213,60,Low,East,04/06/2024,TRUE
214,36,Medium,East,26/04/2024,TRUE
215,18,Medium,West,16/10/2024,TRUE
216,33,High,West,13/04/2021,TRUE
217,50,High,North,28/08/2021,TRUE
218,35,Low,East,03/05/2021,TRUE
219,62,Low,East,30/03/2024,TRUE
220,48,Low,North,16/09/2023,TRUE
221,50,Medium,East,01/10/2021,TRUE
222,38,Medium,West,08/12/2022,TRUE
223,63,Medium,South,14/06/2022,TRUE
224,38,Medium,South,09/06/2022,TRUE
225,45,Low,West,20/05/2025,TRUE
226,70,Medium,East,20/08/2024,TRUE
227,48,Low,West,05/01/2022,TRUE
228,56,Medium,South,29/05/2024,TRUE
229,50,Medium,East,20/05/2022,TRUE
230,38,High,East,11/03/2023,TRUE
231,38,Low,East,03/10/2024,TRUE
232,32,Low,East,12/12/2022,TRUE
233,52,Medium,West,18/06/2021,TRUE
234,50,Low,West,03/08/2024,TRUE
235,40,Medium,North,02/07/2025,TRUE
236,30,Low,East,27/08/2021,TRUE
237,58,Medium,East,02/04/2021,TRUE
238,65,Low,South,02/06/2025,TRUE
239,18,Medium,West,11/12/2020,TRUE
240,67,Low,East,12/08/2021,TRUE
241,80,Low,West,31/10/2022,TRUE
242,46,High,East,27/03/2022,TRUE
243,52,Medium,North,11/04/2024,TRUE
244,48,Medium,East,13/12/2024,TRUE
245,68,High,West,30/11/2024,TRUE
246,37,Medium,North,22/08/2022,TRUE
247,45,Medium,South,25/03/2024,TRUE
248,61,Low,South,27/04/2021,TRUE
249,29,Medium,West,22/03/2022,TRUE
250,20,Medium,South,17/01/2024,TRUE
251,39,Low,South,02/11/2020,TRUE
252,70,Low,North,21/02/2024,TRUE
253,18,High,South,28/01/2023,TRUE
254,44,Medium,East,09/09/2024,TRUE
255,40,Low,West,01/04/2023,TRUE
256,28,Medium,East,02/06/2024,TRUE
257,45,Low,West,19/07/2025,TRUE
258,44,Low,North,17/12/2024,TRUE
259,44,Medium,North,19/02/2022,TRUE
260,36,Medium,South,08/06/2022,TRUE
261,18,Medium,East,06/05/2023,TRUE
262,61,Low,North,03/09/2022,TRUE
263,23,Medium,South,26/04/2021,TRUE
264,33,Low,North,30/09/2025,TRUE
265,59,Low,North,07/06/2025,TRUE
266,64,Low,East,04/05/2021,TRUE
267,37,Medium,North,28/06/2023,TRUE
268,52,Low,North,22/04/2021,TRUE
269,55,High,South,31/03/2021,TRUE
270,51,Medium,North,15/10/2025,TRUE
271,53,Low,North,16/11/2024,TRUE
272,40,Low,North,05/02/2025,TRUE
273,49,Medium,West,04/05/2025,TRUE
274,26,High,South,28/02/2022,TRUE
275,34,Medium,South,21/04/2021,TRUE
276,23,Medium,South,20/02/2025,TRUE
277,18,Low,West,02/07/2021,TRUE
278,70,Medium,North,27/05/2022,TRUE
279,44,High,East,27/05/2021,TRUE
280,61,Medium,North,26/05/2021,TRUE
281,49,Medium,South,27/10/2022,TRUE
282,19,Low,West,03/04/2024,TRUE
283,45,Low,South,03/11/2021,TRUE
284,50,Low,West,31/08/2025,TRUE
285,47,Low,East,30/11/2022,TRUE
286,30,Medium,West,29/09/2025,TRUE
287,48,Medium,East,27/02/2021,TRUE
288,59,Low,West,08/07/2021,TRUE
289,18,Medium,North,21/05/2024,TRUE
290,25,Low,East,14/10/2025,TRUE
291,47,Low,South,18/08/2025,TRUE
292,33,Low,South,08/04/2025,TRUE
293,30,Medium,South,06/07/2023,TRUE
294,60,Medium,West,15/01/2023,TRUE
295,32,Low,South,23/07/2022,TRUE
296,55,Medium,North,30/06/2023,TRUE
297,80,Medium,East,07/11/2022,TRUE
298,43,Low,North,30/01/2023,TRUE
299,44,Medium,South,09/03/2024,TRUE
300,71,Low,West,07/12/2021,TRUE
301,54,Low,East,17/05/2023,TRUE
302,59,Medium,North,16/09/2024,TRUE
303,43,Low,East,06/07/2023,TRUE
304,54,High,East,09/06/2021,TRUE
305,53,Medium,West,24/11/2020,TRUE
306,61,Low,South,19/09/2024,TRUE
307,51,Low,East,11/08/2025,TRUE
308,48,High,North,02/09/2021,TRUE
309,28,High,West,11/06/2021,TRUE
310,60,High,South,24/05/2025,TRUE
311,45,Medium,West,20/08/2022,TRUE
312,45,Low,East,14/02/2025,TRUE
313,38,Low,East,28/01/2023,TRUE
314,40,Medium,East,12/12/2021,TRUE
315,42,Medium,East,16/10/2023,TRUE
316,38,Medium,East,28/05/2021,TRUE
317,49,Low,North,24/11/2022,TRUE
318,58,High,North,19/12/2023,TRUE
319,46,High,East,31/03/2023,TRUE
320,60,High,South,01/03/2022,TRUE
321,37,Medium,East,19/07/2024,TRUE
322,66,High,West,10/06/2025,TRUE
323,38,Medium,East,24/05/2023,TRUE
324,66,Low,North,27/04/2025,TRUE
325,24,Low,North,20/11/2020,TRUE
326,31,Low,North,16/07/2025,TRUE
327,44,Medium,East,15/05/2023,TRUE
328,48,Low,West,13/09/2021,TRUE
329,59,High,South,18/12/2021,TRUE
330,41,Medium,North,26/01/2023,TRUE
331,47,Medium,East,20/10/2021,TRUE
332,52,Low,North,24/09/2021,TRUE
333,35,Medium,South,11/07/2025,TRUE
334,36,Low,West,21/02/2022,TRUE
335,66,Medium,North,20/02/2023,TRUE
336,36,High,North,21/03/2023,TRUE
337,48,Medium,East,12/08/2022,TRUE
338,22,Low,West,27/09/2023,TRUE
339,35,High,West,21/07/2022,TRUE
340,39,High,West,25/01/2023,TRUE
341,54,Low,South,13/02/2025,TRUE
342,75,Medium,South,22/12/2024,TRUE
343,44,Low,North,16/12/2022,TRUE
344,71,Medium,North,02/04/2021,TRUE
345,44,Medium,East,09/08/2021,TRUE
346,62,High,South,04/06/2024,TRUE
347,55,Low,West,05/03/2023,TRUE
348,72,Medium,East,12/03/2021,TRUE
349,57,Medium,East,07/11/2020,TRUE
350,52,Medium,East,29/08/2023,TRUE
351,42,Medium,East,07/12/2021,TRUE
352,47,Low,West,18/01/2023,TRUE
353,45,Low,South,13/03/2022,TRUE
354,64,Medium,West,30/07/2024,TRUE
355,24,Medium,East,07/07/2025,TRUE
356,56,Medium,North,16/06/2024,TRUE
357,48,High,South,04/08/2025,TRUE
358,68,Medium,West,26/11/2020,TRUE
359,38,Medium,East,09/10/2021,TRUE
360,47,Low,East,17/06/2021,TRUE
361,62,Low,West,02/02/2022,TRUE
362,22,High,West,18/06/2025,TRUE
363,36,Medium,North,15/02/2021,TRUE
364,50,Low,South,18/12/2023,TRUE
365,68,Medium,South,10/10/2025,TRUE
366,44,Low,West,09/07/2025,TRUE
367,23,Low,East,30/01/2022,TRUE
368,18,Medium,North,23/06/2024,TRUE
369,48,Medium,South,26/11/2021,TRUE
370,36,High,North,05/03/2021,TRUE
371,54,Medium,East,11/06/2023,TRUE
372,43,Medium,South,03/12/2023,TRUE
373,44,High,North,27/02/2021,TRUE
374,48,Low,North,12/11/2023,TRUE
375,26,High,South,10/08/2022,TRUE
376,66,High,North,11/12/2022,TRUE
377,50,Medium,West,11/09/2021,TRUE
378,51,Medium,East,30/10/2023,TRUE
379,47,Medium,South,01/08/2025,TRUE
380,55,Low,North,11/04/2024,TRUE
381,34,Low,South,19/02/2022,TRUE
382,72,Low,East,01/11/2022,TRUE
383,57,Medium,South,15/03/2022,TRUE
384,35,Low,North,30/04/2022,TRUE
385,38,Medium,South,29/04/2024,TRUE
386,18,Medium,West,12/01/2021,TRUE
387,30,Low,West,07/05/2022,TRUE
388,44,Low,South,25/08/2023,TRUE
389,67,Medium,North,28/04/2024,TRUE
390,58,Medium,East,07/12/2022,TRUE
391,41,Low,North,02/02/2023,TRUE
392,34,Medium,North,05/03/2022,TRUE
393,71,High,North,27/09/2021,TRUE
394,54,Low,North,28/01/2024,TRUE
395,65,Low,West,24/02/2021,TRUE
396,58,Low,East,28/10/2024,TRUE
397,55,Medium,West,18/09/2022,TRUE
398,50,Medium,West,09/07/2022,TRUE
399,64,Medium,East,26/09/2024,TRUE
400,47,Medium,East,18/10/2023,TRUE
401,35,High,North,02/06/2023,TRUE
402,37,High,South,04/10/2022,TRUE
403,52,Medium,South,19/09/2022,TRUE
404,36,Medium,East,08/01/2021,TRUE
405,45,Low,East,19/06/2022,TRUE
406,46,Low,North,17/03/2024,TRUE
407,41,High,East,12/08/2023,TRUE
408,19,Medium,South,11/03/2023,TRUE
409,26,High,North,30/05/2021,TRUE
410,23,High,East,13/03/2023,TRUE
411,70,Medium,West,22/10/2023,TRUE
412,38,High,South,25/02/2025,TRUE
413,54,High,North,21/03/2024,TRUE
414,21,Medium,East,19/05/2025,TRUE
415,35,Medium,West,21/08/2023,TRUE
416,50,Low,North,20/01/2021,TRUE
417,44,Low,West,20/10/2021,TRUE
418,62,Medium,East,16/01/2023,TRUE
419,62,Low,South,04/05/2022,TRUE
420,18,High,South,04/10/2025,TRUE
421,25,Medium,North,29/01/2023,TRUE
422,62,High,South,22/02/2021,TRUE
423,46,Medium,West,28/09/2021,TRUE
424,25,Medium,North,08/07/2024,TRUE
425,67,Low,North,06/10/2023,TRUE
426,57,Low,East,28/06/2023,TRUE
427,40,High,West,13/07/2024,TRUE
428,76,Medium,West,03/03/2025,TRUE
429,41,Low,North,21/10/2021,TRUE
430,42,Medium,West,05/02/2024,TRUE
431,55,Medium,East,22/09/2025,TRUE
432,43,Low,North,09/06/2022,TRUE
433,58,Medium,East,27/12/2022,TRUE
434,50,Medium,East,13/03/2021,TRUE
435,61,Low,East,12/07/2024,TRUE
436,29,High,North,01/11/2020,TRUE
437,35,High,North,30/03/2025,TRUE
438,73,Medium,West,26/05/2025,TRUE
439,47,Medium,East,01/07/2022,TRUE
440,50,High,East,02/12/2023,TRUE
441,61,Low,East,27/06/2024,TRUE
442,62,Medium,East,01/06/2021,TRUE
443,49,High,North,18/08/2023,TRUE
444,33,High,South,29/06/2023,TRUE
445,49,Medium,East,18/11/2021,TRUE
446,51,High,South,18/05/2023,TRUE
447,62,High,East,18/02/2025,TRUE
448,26,Medium,South,14/06/2023,TRUE
449,42,Medium,North,17/04/2024,TRUE
450,46,Medium,South,06/08/2023,TRUE
451,68,Medium,South,30/03/2024,TRUE
452,32,Low,South,03/05/2023,TRUE
453,69,Medium,South,15/07/2025,TRUE
454,60,Medium,West,26/11/2021,TRUE
455,18,Low,South,15/06/2022,TRUE
456,79,Medium,South,25/05/2024,TRUE
457,60,Medium,East,17/01/2024,TRUE
458,80,High,East,20/04/2022,TRUE
459,56,Low,West,30/08/2025,TRUE
460,49,Low,West,20/05/2023,TRUE
461,33,Medium,South,10/04/2024,TRUE
462,40,Low,South,25/06/2025,TRUE
463,47,Medium,East,28/10/2020,TRUE
464,65,Medium,South,29/05/2023,TRUE
465,30,Low,East,06/04/2023,TRUE
466,41,Low,East,11/08/2022,TRUE
467,35,Medium,South,23/06/2024,TRUE
468,49,High,South,02/10/2025,TRUE
469,48,Low,East,25/07/2023,TRUE
470,65,High,East,10/10/2024,TRUE
471,45,Low,North,30/07/2024,TRUE
472,45,Medium,South,31/07/2024,TRUE
473,26,Medium,South,21/08/2022,TRUE
474,34,High,South,03/03/2025,TRUE
475,34,Medium,South,05/11/2024,TRUE
476,49,Medium,North,07/04/2022,TRUE
477,54,Low,North,17/07/2021,TRUE
478,51,Low,East,27/03/2023,TRUE
479,59,Low,South,16/03/2025,TRUE
480,78,Medium,South,03/09/2023,TRUE
481,32,Medium,East,13/08/2021,TRUE
482,69,Medium,West,26/10/2022,TRUE
483,53,Low,North,18/06/2023,TRUE
484,69,Low,West,24/09/2022,TRUE
485,36,Low,South,07/07/2022,TRUE
486,29,Low,East,27/01/2022,TRUE
487,48,High,East,10/01/2021,TRUE
488,21,Medium,South,19/03/2021,TRUE
489,63,High,East,26/11/2022,TRUE
490,26,Medium,East,11/11/2024,TRUE
491,34,Medium,West,10/06/2021,TRUE
492,44,Low,East,10/09/2024,TRUE
493,47,Low,South,06/05/2024,TRUE
494,23,Medium,South,19/09/2025,TRUE
495,61,High,North,23/06/2022,TRUE
496,54,Medium,North,01/02/2024,TRUE
497,63,Medium,East,09/01/2025,TRUE
498,47,Low,East,21/03/2024,TRUE
499,47,Medium,East,24/11/2022,TRUE
500,42,Low,South,28/01/2022,TRUE
501,33,Low,West,13/11/2020,TRUE
502,25,Medium,South,23/09/2021,TRUE
503,28,Medium,East,08/06/2024,TRUE
504,18,High,South,06/09/2022,TRUE
505,46,Medium,West,26/04/2022,TRUE
506,43,High,West,24/03/2025,TRUE
507,34,Low,South,09/10/2024,TRUE
508,59,Low,East,01/04/2021,TRUE
509,45,Medium,West,24/07/2025,TRUE
510,44,Low,West,10/12/2022,TRUE
511,44,Medium,East,08/11/2021,TRUE
512,57,Low,East,14/09/2024,TRUE
513,29,Medium,North,15/12/2021,TRUE
514,40,Low,North,09/10/2024,TRUE
515,45,High,South,04/05/2025,TRUE
516,52,Medium,East,29/07/2025,TRUE
517,30,Medium,North,09/07/2023,TRUE
518,42,Medium,East,02/08/2024,TRUE
519,41,Low,West,11/02/2025,TRUE
520,67,Low,East,13/06/2024,TRUE
521,35,Medium,North,25/06/2025,TRUE
522,40,Medium,West,12/08/2024,TRUE
523,51,Medium,East,05/03/2022,TRUE
524,62,Medium,South,09/11/2024,TRUE
525,24,Medium,South,25/08/2024,TRUE
526,41,High,East,10/01/2023,TRUE
527,36,Low,South,04/12/2022,TRUE
528,18,Medium,North,07/03/2023,TRUE
529,22,Low,North,03/04/2025,TRUE
530,47,High,West,10/12/2024,TRUE
531,44,Low,East,09/11/2022,TRUE
532,53,Medium,West,27/02/2023,TRUE
533,44,Low,South,24/07/2024,TRUE
534,31,Medium,South,24/06/2021,TRUE
535,24,Medium,East,02/04/2023,TRUE
536,20,High,West,25/10/2022,TRUE
537,34,Medium,South,18/02/2023,TRUE
538,60,Low,West,05/09/2023,TRUE
539,77,Medium,West,17/07/2023,TRUE
540,35,Medium,East,01/06/2025,TRUE
541,45,Low,East,04/07/2021,TRUE
542,33,Medium,East,30/12/2021,TRUE
543,39,Low,North,07/02/2022,TRUE
544,47,High,East,15/10/2022,TRUE
545,24,Medium,East,30/01/2024,TRUE
546,30,Medium,North,13/02/2022,TRUE
547,62,Low,North,22/08/2022,TRUE
548,55,Low,West,14/05/2021,TRUE
549,59,Medium,South,07/05/2024,TRUE
550,33,Low,North,15/04/2024,TRUE
551,64,Medium,East,21/08/2023,TRUE
552,53,Low,West,08/06/2025,TRUE
553,35,High,East,13/10/2024,TRUE
554,58,Medium,East,10/05/2024,TRUE
555,53,Low,South,08/05/2021,TRUE
556,61,High,North,31/07/2022,TRUE
557,29,Medium,East,24/05/2024,TRUE
558,18,High,North,19/02/2024,TRUE
559,41,High,East,15/10/2025,TRUE
560,40,Low,West,26/12/2020,TRUE
561,42,Medium,South,19/09/2025,TRUE
562,49,High,East,21/01/2024,TRUE
563,54,Low,East,16/11/2024,TRUE
564,62,High,West,14/11/2020,TRUE
565,50,High,North,24/10/2023,TRUE
566,35,Medium,West,12/05/2023,TRUE
567,49,Medium,East,20/02/2024,TRUE
568,70,Low,East,20/05/2024,TRUE
569,56,Medium,East,26/05/2025,TRUE
570,50,Low,South,19/06/2025,TRUE
571,41,High,North,12/09/2022,TRUE
572,32,Medium,East,21/12/2024,TRUE
573,27,Medium,East,08/09/2022,TRUE
574,51,Medium,North,21/02/2023,TRUE
575,33,High,South,12/07/2024,TRUE
576,54,Medium,North,13/12/2024,TRUE
577,55,High,South,25/01/2021,TRUE
578,39,Medium,East,17/02/2024,TRUE
579,48,Medium,South,06/09/2023,TRUE
580,58,Medium,North,05/04/2024,TRUE
581,22,Medium,North,23/03/2022,TRUE
582,63,Medium,South,18/10/2024,TRUE
583,36,Medium,East,27/11/2021,TRUE
584,47,Medium,East,13/05/2025,TRUE
585,60,Low,West,18/01/2021,TRUE
586,53,Medium,North,04/03/2024,TRUE
587,42,Medium,East,15/08/2025,TRUE
588,38,Medium,East,19/01/2021,TRUE
589,27,Medium,South,14/07/2021,TRUE
590,42,Low,North,19/06/2024,TRUE
591,67,High,West,22/12/2021,TRUE
592,54,Medium,South,30/09/2024,TRUE
593,63,Low,South,14/05/2022,TRUE
594,53,High,South,01/04/2021,TRUE
595,73,Low,South,13/01/2023,TRUE
596,68,Medium,North,17/01/2024,TRUE
597,47,Low,West,10/08/2023,TRUE
598,18,Low,South,15/08/2022,TRUE
599,52,Medium,South,08/09/2024,TRUE
600,37,Low,North,08/08/2023,TRUE
601,44,Medium,East,10/09/2023,TRUE
602,71,Medium,North,17/01/2024,TRUE
603,30,Medium,East,10/03/2023,TRUE
604,49,High,North,28/05/2024,TRUE
605,43,Low,North,19/12/2022,TRUE
606,41,High,North,08/07/2021,TRUE
607,58,Medium,East,27/10/2024,TRUE
608,32,Low,South,26/12/2020,TRUE
609,18,Medium,West,29/05/2025,TRUE
610,58,Low,East,06/04/2021,TRUE
611,46,High,North,19/10/2023,TRUE
612,52,Medium,South,23/09/2022,TRUE
613,56,Low,East,28/05/2021,TRUE
614,26,Medium,West,01/03/2021,TRUE
615,20,Low,North,31/01/2021,TRUE
616,62,Low,South,04/12/2022,TRUE
617,48,Medium,North,08/07/2022,TRUE
618,62,High,East,29/12/2020,TRUE
619,47,Medium,North,12/02/2022,TRUE
620,39,Medium,South,07/11/2022,TRUE
621,51,Medium,South,23/11/2021,TRUE
622,58,Medium,East,06/11/2024,TRUE
623,45,High,South,17/10/2021,TRUE
624,34,Low,East,14/08/2025,TRUE
625,35,Low,South,04/09/2022,TRUE
626,33,Medium,East,10/10/2024,TRUE
627,49,High,West,01/01/2023,TRUE
628,41,Low,South,17/12/2023,TRUE
629,58,Medium,South,01/04/2022,TRUE
630,43,Low,East,17/10/2021,TRUE
631,38,Medium,West,19/03/2022,TRUE
632,62,Low,East,20/06/2023,TRUE
633,58,Medium,East,27/09/2021,TRUE
634,34,Medium,South,28/09/2025,TRUE
635,46,Low,East,14/01/2021,TRUE
636,57,Medium,South,23/06/2023,TRUE
637,39,Low,West,19/09/2025,TRUE
638,38,Medium,North,06/01/2024,TRUE
639,75,Low,West,12/03/2024,TRUE
640,28,High,East,05/07/2022,TRUE
641,43,High,East,20/06/2021,TRUE
642,51,Medium,North,20/11/2022,TRUE
643,42,Low,North,08/09/2021,TRUE
644,59,Medium,East,21/05/2023,TRUE
645,53,Low,East,07/11/2021,TRUE
646,49,Low,West,20/08/2025,TRUE
647,47,Medium,South,03/03/2021,TRUE
648,64,Medium,West,10/10/2023,TRUE
649,18,Medium,West,09/05/2025,TRUE
650,35,Medium,North,18/06/2024,TRUE
651,57,Low,North,22/12/2023,TRUE
652,53,Low,South,29/05/2021,TRUE
653,69,Medium,East,14/02/2025,TRUE
654,40,Medium,West,22/09/2023,TRUE
655,51,Medium,North,05/12/2020,TRUE
656,44,Medium,South,24/05/2024,TRUE
657,38,Low,West,28/12/2024,TRUE
658,48,Low,West,19/09/2021,TRUE
659,58,Medium,East,04/07/2024,TRUE
660,24,Medium,North,26/11/2023,TRUE
661,52,High,East,24/09/2024,TRUE
662,47,Medium,East,14/02/2022,TRUE
663,51,Medium,East,11/07/2024,TRUE
664,41,Low,South,27/04/2022,TRUE
665,61,Medium,South,05/04/2025,TRUE
666,43,High,North,13/02/2023,TRUE
667,36,Medium,West,26/05/2025,TRUE
668,43,Low,West,07/12/2024,TRUE
669,52,Medium,West,10/10/2024,TRUE
670,41,Low,West,11/07/2024,TRUE
671,30,High,South,07/02/2023,TRUE
672,61,High,North,25/07/2023,TRUE
673,50,Low,North,28/11/2022,TRUE
674,72,Low,South,23/07/2021,TRUE
675,56,Low,South,12/03/2023,TRUE
676,20,Medium,North,27/08/2024,TRUE
677,59,High,North,23/11/2022,TRUE
678,70,Low,North,09/10/2024,TRUE
679,46,Low,West,01/09/2025,TRUE
680,62,Medium,North,17/01/2024,TRUE
681,59,High,East,07/09/2023,TRUE
682,52,Medium,South,24/01/2021,TRUE
683,35,Medium,East,09/01/2025,TRUE
684,18,High,South,02/08/2023,TRUE
685,69,Medium,East,14/05/2022,TRUE
686,64,Low,East,19/12/2024,TRUE
687,41,Medium,East,17/08/2022,TRUE
688,32,High,East,03/11/2023,TRUE
689,45,Medium,North,07/01/2023,TRUE
690,70,Low,South,19/09/2023,TRUE
691,35,Low,South,14/03/2023,TRUE
692,44,High,South,04/03/2023,TRUE
693,23,Medium,South,19/07/2025,TRUE
694,43,Low,East,27/11/2020,TRUE
695,40,High,East,20/03/2025,TRUE
696,33,Medium,South,12/06/2022,TRUE
697,42,Low,East,19/07/2021,TRUE
698,55,Low,South,15/11/2022,TRUE
699,61,Medium,East,11/04/2024,TRUE
700,45,High,North,22/12/2024,TRUE
701,34,Medium,South,17/07/2025,TRUE
702,22,High,East,12/11/2022,TRUE
703,21,High,West,14/11/2024,TRUE
704,58,High,North,29/12/2024,TRUE
705,37,Low,North,19/08/2024,TRUE
706,47,Medium,East,19/12/2020,TRUE
707,40,Medium,South,12/08/2021,TRUE
708,31,Low,South,29/04/2023,TRUE
709,43,Low,South,15/09/2022,TRUE
710,46,High,East,05/04/2024,TRUE
711,28,Medium,North,21/11/2022,TRUE
712,66,Medium,West,05/06/2023,TRUE
713,59,Medium,North,07/10/2025,TRUE
714,49,High,North,17/12/2023,TRUE
715,27,Low,South,05/11/2024,TRUE
716,46,Low,South,12/07/2025,TRUE
717,36,Low,East,03/05/2025,TRUE
718,46,Medium,East,30/09/2023,TRUE
719,59,Medium,South,09/06/2024,TRUE
720,51,Medium,South,02/07/2025,TRUE
721,60,Medium,East,20/08/2023,TRUE
722,34,High,West,25/10/2023,TRUE
723,42,Medium,East,05/09/2024,TRUE
724,57,Medium,East,15/02/2023,TRUE
725,60,Medium,North,06/06/2023,TRUE
726,61,Medium,North,17/12/2022,TRUE
727,40,Low,North,13/10/2022,TRUE
728,56,Medium,East,05/11/2021,TRUE
729,36,Medium,South,17/06/2022,TRUE
730,41,Medium,East,04/07/2023,TRUE
731,26,High,South,02/11/2021,TRUE
732,36,Medium,North,18/05/2025,TRUE
733,37,Medium,West,25/05/2022,TRUE
734,44,Medium,North,14/06/2022,TRUE
735,43,Low,North,30/08/2022,TRUE
736,39,Medium,South,09/12/2024,TRUE
737,53,Low,West,05/03/2023,TRUE
738,40,Medium,West,13/04/2025,TRUE
739,62,High,South,25/03/2023,TRUE
740,50,High,South,04/09/2021,TRUE
741,21,Medium,North,22/06/2022,TRUE
742,28,Medium,East,05/05/2023,TRUE
743,54,Medium,South,03/10/2022,TRUE
744,52,Low,North,22/11/2023,TRUE
745,42,Low,West,07/05/2022,TRUE
746,37,Medium,South,24/05/2023,TRUE
747,28,Medium,East,09/12/2020,TRUE
748,48,Medium,South,13/05/2025,TRUE
749,61,Medium,North,24/11/2021,TRUE
750,74,Medium,North,26/02/2023,TRUE
751,80,Low,West,17/03/2021,TRUE
752,22,High,East,14/04/2021,TRUE
753,61,Low,East,12/07/2025,TRUE
754,46,Low,East,22/04/2023,TRUE
755,54,High,North,23/11/2021,TRUE
756,39,Medium,West,30/12/2024,TRUE
757,61,Medium,South,10/09/2021,TRUE
758,44,Low,North,04/12/2020,TRUE
759,36,Medium,South,14/09/2025,TRUE
760,65,Medium,West,29/03/2023,TRUE
761,44,High,East,24/10/2024,TRUE
762,49,Medium,West,22/11/2024,TRUE
763,42,High,South,26/07/2024,TRUE
764,42,High,West,20/09/2023,TRUE
765,53,Medium,West,22/05/2022,TRUE
766,18,Low,South,04/04/2021,TRUE
767,61,Medium,North,20/12/2022,TRUE
768,59,Low,South,19/11/2024,TRUE
769,35,Low,West,16/10/2021,TRUE
770,57,Low,West,18/05/2021,TRUE
771,59,Low,North,24/03/2024,TRUE
772,52,Medium,West,01/01/2025,TRUE
773,35,Medium,East,14/06/2021,TRUE
774,51,Medium,East,23/09/2025,TRUE
775,50,Low,South,11/04/2021,TRUE
776,61,Low,South,10/02/2022,TRUE
777,34,Medium,North,02/02/2022,TRUE
778,42,High,West,10/08/2025,TRUE
779,18,Low,East,28/05/2023,TRUE
780,48,Medium,East,18/07/2021,TRUE
781,20,Low,South,07/12/2022,TRUE
782,33,High,West,30/10/2021,TRUE
783,57,Medium,South,26/07/2025,TRUE
784,42,Low,East,12/05/2024,TRUE
785,45,Medium,East,28/09/2022,TRUE
786,49,Low,West,07/04/2025,TRUE
787,18,Medium,East,21/01/2024,TRUE
788,47,Low,East,26/08/2024,TRUE
789,57,High,West,02/08/2024,TRUE
790,30,Medium,East,08/05/2023,TRUE
791,50,Low,South,20/06/2024,TRUE
792,37,Low,North,02/06/2023,TRUE
793,37,Medium,South,28/08/2025,TRUE
794,47,Low,East,02/05/2021,TRUE
795,40,High,North,31/08/2021,TRUE
796,47,Low,East,03/08/2022,TRUE
797,35,Medium,South,13/08/2022,TRUE
798,40,High,South,27/01/2023,TRUE
799,48,Medium,West,06/07/2021,TRUE
800,47,Medium,West,26/02/2022,TRUE
801,48,Medium,South,11/11/2022,TRUE
802,36,Medium,East,20/04/2022,TRUE
803,59,High,East,07/07/2025,TRUE
804,63,High,East,17/06/2021,TRUE
805,35,Medium,East,25/02/2022,TRUE
806,40,Low,South,04/11/2020,TRUE
807,45,Medium,South,18/04/2024,TRUE
808,54,Low,South,26/08/2024,TRUE
809,37,Medium,South,25/10/2024,TRUE
810,42,High,West,19/04/2023,TRUE
811,54,Medium,West,05/02/2021,TRUE
812,27,Low,East,16/10/2022,TRUE
813,21,Low,East,10/04/2023,TRUE
814,57,Medium,South,24/03/2023,TRUE
815,27,Medium,North,06/09/2024,TRUE
816,69,High,South,05/06/2021,TRUE
817,36,Low,East,22/10/2022,TRUE
818,42,Low,West,26/01/2023,TRUE
819,41,Medium,South,03/07/2022,TRUE
820,30,Medium,East,08/06/2024,TRUE
821,44,High,East,18/10/2021,TRUE
822,41,Medium,South,14/06/2025,TRUE
823,55,Medium,West,25/09/2022,TRUE
824,55,Low,North,01/02/2022,TRUE
825,55,Low,South,30/01/2023,TRUE
826,53,Low,South,11/01/2022,TRUE
827,46,Medium,South,05/06/2021,TRUE
828,68,Low,South,30/04/2021,TRUE
829,47,High,North,26/03/2022,TRUE
830,45,High,East,09/06/2023,TRUE
831,41,Medium,South,30/08/2025,TRUE
832,67,Low,North,11/04/2023,TRUE
833,43,Medium,South,22/07/2024,TRUE
834,20,Low,West,17/11/2021,TRUE
835,45,High,North,22/10/2024,TRUE
836,48,Medium,North,29/05/2023,TRUE
837,39,Medium,East,30/03/2024,TRUE
838,40,Medium,North,19/02/2023,TRUE
839,52,Medium,East,28/01/2025,TRUE
840,62,Low,South,31/05/2025,TRUE
841,41,Medium,West,08/01/2025,TRUE
842,51,Medium,North,18/07/2024,TRUE
843,32,Low,West,03/07/2021,TRUE
844,76,Medium,North,27/02/2021,TRUE
845,75,Low,South,30/06/2024,TRUE
846,45,High,South,25/07/2023,TRUE
847,18,Low,North,13/12/2022,TRUE
848,68,Medium,North,15/01/2021,TRUE
849,38,High,North,06/08/2021,TRUE
850,53,High,West,08/10/2022,TRUE
851,21,Medium,East,18/09/2025,TRUE
852,51,Low,East,25/10/2025,TRUE
853,51,Medium,North,30/12/2020,TRUE
854,45,Medium,East,11/02/2023,TRUE
855,55,Medium,North,21/09/2025,TRUE
856,25,Medium,East,28/02/2021,TRUE
857,40,Low,South,24/04/2022,TRUE
858,44,High,North,27/10/2024,TRUE
859,26,Medium,West,27/03/2025,TRUE
860,54,Medium,North,31/07/2024,TRUE
861,38,Medium,East,10/03/2023,TRUE
862,44,Low,South,13/05/2022,TRUE
863,56,High,North,19/10/2025,TRUE
864,42,Medium,South,12/07/2024,TRUE
865,66,High,West,01/01/2025,TRUE
866,35,Medium,South,06/08/2021,TRUE
867,34,Medium,South,26/10/2024,TRUE
868,56,Medium,North,13/10/2023,TRUE
869,45,Low,North,17/04/2024,TRUE
870,30,Low,North,28/08/2023,TRUE
871,38,High,East,21/07/2023,TRUE
872,55,Medium,East,16/09/2021,TRUE
873,69,Low,South,10/03/2022,TRUE
874,46,High,West,17/08/2023,TRUE
875,42,Medium,South,27/04/2024,TRUE
876,58,Medium,North,13/01/2025,TRUE
877,26,Medium,West,10/04/2023,TRUE
878,50,Low,North,24/03/2024,TRUE
879,18,High,West,02/07/2025,TRUE
880,47,Medium,East,18/02/2021,TRUE
881,55,Low,West,09/09/2024,TRUE
882,62,Medium,South,27/07/2021,TRUE
883,37,Low,East,01/07/2023,TRUE
884,43,Low,South,20/12/2022,TRUE
885,34,High,North,28/07/2023,TRUE
886,45,Medium,South,22/10/2021,TRUE
887,55,Medium,West,04/04/2024,TRUE
888,27,Medium,South,13/03/2025,TRUE
889,62,High,North,30/10/2020,TRUE
890,30,Medium,West,08/06/2025,TRUE
891,36,Medium,East,01/10/2024,TRUE
892,66,Low,East,02/05/2024,TRUE
893,32,Medium,East,13/04/2021,TRUE
894,52,High,North,01/06/2022,TRUE
895,54,Low,East,25/03/2025,TRUE
896,22,Medium,North,25/11/2023,TRUE
897,74,Medium,West,22/01/2025,TRUE
898,80,High,East,31/07/2024,TRUE
899,40,High,East,05/04/2021,TRUE
900,71,Medium,West,21/07/2022,TRUE
901,57,Low,South,03/02/2023,TRUE
902,35,Medium,West,29/06/2025,TRUE
903,51,Medium,East,08/12/2021,TRUE
904,56,High,South,09/04/2023,TRUE
905,28,Medium,East,19/07/2024,TRUE
906,39,Medium,North,10/12/2024,TRUE
907,22,Medium,West,08/11/2021,TRUE
908,39,Medium,West,24/01/2021,TRUE
909,45,Medium,West,09/11/2022,TRUE
910,35,Low,West,03/03/2022,TRUE
911,18,Low,West,19/06/2023,TRUE
912,61,Low,South,04/07/2025,TRUE
913,55,Medium,East,08/12/2020,TRUE
914,39,Low,East,08/07/2025,TRUE
915,63,High,North,16/04/2024,TRUE
916,48,Medium,North,12/08/2021,TRUE
917,18,Medium,South,25/09/2022,TRUE
918,51,Medium,South,14/10/2021,TRUE
919,35,Low,East,29/09/2024,TRUE
920,68,Low,South,26/10/2021,TRUE
921,28,Low,South,17/02/2022,TRUE
922,63,High,East,22/01/2025,TRUE
923,61,Low,South,21/04/2023,TRUE
924,66,Medium,North,24/02/2025,TRUE
925,30,Medium,West,23/02/2023,TRUE
926,30,Low,East,09/05/2024,TRUE
927,41,Medium,East,04/12/2024,TRUE
928,31,Medium,South,02/11/2024,TRUE
929,22,Low,South,23/11/2022,TRUE
930,35,Low,South,15/09/2024,TRUE
931,48,Medium,North,05/07/2025,TRUE
932,46,Low,West,19/01/2022,TRUE
933,36,Medium,East,31/01/2024,TRUE
934,40,Medium,South,11/06/2022,TRUE
935,57,Medium,East,22/02/2025,TRUE
936,27,Medium,South,25/12/2021,TRUE
937,60,High,North,31/05/2021,TRUE
938,49,Low,West,04/03/2023,TRUE
939,53,Low,East,08/05/2024,TRUE
940,50,Medium,East,17/09/2023,TRUE
941,41,Medium,South,20/02/2025,TRUE
942,44,Medium,West,04/02/2023,TRUE
943,61,Low,East,03/11/2020,TRUE
944,39,High,North,24/03/2023,TRUE
945,44,Low,East,12/05/2023,TRUE
946,42,High,South,24/10/2025,TRUE
947,38,Medium,North,02/10/2025,TRUE
948,20,Medium,East,26/12/2024,TRUE
949,25,Medium,North,31/01/2022,TRUE
950,55,Low,West,14/08/2024,TRUE
951,33,Low,North,27/05/2025,TRUE
952,34,Low,South,09/12/2024,TRUE
953,55,Medium,North,04/10/2023,TRUE
954,67,High,West,25/08/2023,TRUE
955,52,High,East,07/07/2025,TRUE
956,52,Low,East,11/06/2025,TRUE
957,58,Medium,North,11/01/2024,TRUE
958,58,Medium,West,10/09/2024,TRUE
959,61,Low,South,23/07/2023,TRUE
960,80,High,East,05/06/2022,TRUE
961,41,Medium,North,07/11/2022,TRUE
962,66,Medium,South,07/09/2025,TRUE
963,74,High,North,29/01/2024,TRUE
964,33,High,South,22/10/2022,TRUE
965,39,Medium,East,25/04/2024,TRUE
966,44,Low,South,11/03/2021,TRUE
967,37,Medium,South,12/07/2023,TRUE
968,66,Low,North,04/11/2024,TRUE
969,56,High,East,24/01/2024,TRUE
970,50,Low,South,08/02/2024,TRUE
971,28,Medium,East,11/02/2022,TRUE
972,32,Medium,South,12/01/2025,TRUE
973,52,Medium,West,19/02/2021,TRUE
974,53,High,South,23/11/2021,TRUE
975,46,High,West,03/02/2025,TRUE
976,18,Low,South,24/08/2023,TRUE
977,47,Low,West,03/09/2021,TRUE
978,80,Medium,West,25/07/2024,TRUE
979,51,Medium,East,01/09/2021,TRUE
980,54,Low,East,18/04/2025,TRUE
981,53,Low,North,15/09/2024,TRUE
982,31,Low,North,13/12/2020,TRUE
983,59,Medium,North,17/01/2022,TRUE
984,58,Low,North,22/04/2024,TRUE
985,34,Low,North,18/02/2022,TRUE
986,26,Medium,East,16/06/2021,TRUE
987,24,Low,West,24/10/2024,TRUE
988,36,Medium,East,28/01/2023,TRUE
989,21,Medium,East,13/09/2023,TRUE
990,18,Medium,North,14/03/2024,TRUE
991,18,High,East,03/07/2021,TRUE
992,45,Medium,North,13/08/2023,TRUE
993,31,Medium,North,11/05/2025,TRUE
994,48,Medium,North,20/01/2024,TRUE
995,57,Low,East,07/07/2023,TRUE
996,41,Medium,North,21/12/2024,TRUE
997,80,Medium,East,03/06/2025,TRUE
998,28,Low,North,15/02/2021,TRUE
999,49,High,West,27/05/2021,TRUE
1000,71,High,South,26/10/2022,TRUE
1001,61,Medium,North,07/04/2023,TRUE
1002,35,High,West,03/10/2022,TRUE
1003,32,Medium,West,03/08/2021,TRUE
1004,44,High,North,06/07/2024,TRUE
1005,57,High,North,28/08/2021,TRUE
1006,18,Medium,North,04/09/2021,TRUE
1007,63,Medium,West,05/08/2024,TRUE
1008,37,Medium,South,27/03/2022,TRUE
1009,35,Medium,North,15/05/2023,TRUE
1010,27,Medium,South,24/01/2021,TRUE
1011,58,Medium,North,18/03/2021,TRUE
1012,64,Low,East,31/07/2023,TRUE
1013,41,High,East,19/04/2021,TRUE
1014,44,Medium,North,26/04/2023,TRUE
1015,51,Medium,East,14/11/2023,TRUE
1016,66,High,East,04/01/2024,TRUE
1017,51,Medium,East,26/06/2024,TRUE
1018,32,Low,North,22/01/2022,TRUE
1019,49,High,East,24/11/2022,TRUE
1020,51,Medium,East,04/05/2025,TRUE
1021,47,Medium,North,29/04/2024,TRUE
1022,59,Medium,East,20/08/2025,TRUE
1023,32,Medium,North,09/05/2022,TRUE
1024,35,Low,South,08/04/2022,TRUE
1025,45,Low,North,23/04/2022,TRUE
1026,58,Medium,South,29/06/2021,TRUE
1027,52,Medium,South,28/01/2024,TRUE
1028,60,Medium,South,14/11/2022,TRUE
1029,47,Medium,South,20/01/2025,TRUE
1030,53,Low,East,12/10/2025,TRUE
1031,51,Low,East,14/01/2022,TRUE
1032,24,High,East,18/10/2022,TRUE
1033,34,Low,East,28/09/2024,TRUE
1034,53,Medium,South,25/12/2022,TRUE
1035,50,Low,East,23/09/2024,TRUE
1036,21,Medium,West,29/12/2022,TRUE
1037,40,High,West,25/11/2020,TRUE
1038,55,High,West,11/10/2024,TRUE
1039,52,Low,North,08/04/2023,TRUE
1040,21,High,South,21/06/2025,TRUE
1041,56,High,West,01/03/2022,TRUE
1042,54,Low,North,13/06/2021,TRUE
1043,29,Low,South,30/07/2024,TRUE
1044,41,Medium,East,05/10/2023,TRUE
1045,61,Low,North,26/10/2025,TRUE
1046,25,Medium,East,14/05/2023,TRUE
1047,50,Medium,East,06/06/2024,TRUE
1048,61,High,East,13/12/2022,TRUE
1049,47,Medium,South,15/09/2024,TRUE
1050,45,Medium,South,23/05/2023,TRUE
1051,52,High,West,07/07/2022,TRUE
1052,24,Medium,East,04/02/2024,TRUE
1053,54,Medium,North,06/12/2024,TRUE
1054,58,Medium,East,23/09/2021,TRUE
1055,29,High,North,02/11/2022,TRUE
1056,67,Medium,East,24/01/2024,TRUE
1057,60,Low,North,07/09/2025,TRUE
1058,65,Medium,East,16/11/2023,TRUE
1059,53,Medium,East,16/09/2025,TRUE
1060,31,High,North,04/05/2023,TRUE
1061,68,High,West,02/05/2023,TRUE
1062,57,High,East,03/01/2021,TRUE
1063,18,Low,East,09/03/2024,TRUE
1064,40,Low,West,26/02/2023,TRUE
1065,71,Medium,North,21/11/2020,TRUE
1066,68,Low,South,20/08/2025,TRUE
1067,47,High,West,28/03/2021,TRUE
1068,33,Medium,North,17/01/2025,TRUE
1069,54,Low,West,04/04/2023,TRUE
1070,32,High,North,11/10/2022,TRUE
1071,48,High,South,26/10/2023,TRUE
1072,57,High,North,07/09/2022,TRUE
1073,37,High,West,09/06/2022,TRUE
1074,42,High,West,14/12/2022,TRUE
1075,41,Low,North,25/12/2021,TRUE
1076,33,Low,South,24/08/2021,TRUE
1077,37,Low,North,26/02/2021,TRUE
1078,40,High,East,13/06/2023,TRUE
1079,44,Low,East,27/07/2024,TRUE
1080,52,Medium,South,07/02/2021,TRUE
1081,37,Low,South,01/10/2025,TRUE
1082,39,Medium,North,04/12/2023,TRUE
1083,53,Low,South,09/12/2021,TRUE
1084,36,High,North,03/08/2021,TRUE
1085,44,Medium,East,01/05/2023,TRUE
1086,32,High,North,08/08/2023,TRUE
1087,47,Low,East,09/05/2024,TRUE
1088,80,Low,South,25/04/2022,TRUE
1089,43,Medium,West,12/07/2022,TRUE
1090,32,Low,South,11/12/2021,TRUE
1091,71,Medium,East,29/05/2025,TRUE
1092,40,Medium,West,07/12/2023,TRUE
1093,50,High,West,03/05/2025,TRUE
1094,18,High,South,02/02/2025,TRUE
1095,44,Medium,South,20/02/2023,TRUE
1096,23,Medium,West,22/03/2022,TRUE
1097,59,Medium,South,03/01/2023,TRUE
1098,39,Medium,East,02/12/2024,TRUE
1099,41,High,North,01/05/2023,TRUE
1100,40,Medium,East,14/09/2023,TRUE
1101,78,Low,East,19/10/2021,TRUE
1102,42,Medium,East,21/10/2024,TRUE
1103,48,Low,South,17/06/2021,TRUE
1104,28,Low,North,07/01/2022,TRUE
1105,36,High,West,27/09/2022,TRUE
1106,57,Medium,North,14/03/2024,TRUE
1107,63,Medium,North,24/07/2025,TRUE
1108,37,Medium,West,07/12/2023,TRUE
1109,37,Medium,North,03/08/2021,TRUE
1110,52,Low,West,05/03/2024,TRUE
1111,32,Low,West,09/12/2020,TRUE
1112,31,Medium,East,26/01/2023,TRUE
1113,35,Medium,South,21/05/2025,TRUE
1114,51,Low,South,14/11/2021,TRUE
1115,30,Low,West,08/09/2024,TRUE
1116,34,Medium,South,16/12/2023,TRUE
1117,35,Medium,South,19/01/2023,TRUE
1118,51,Medium,West,17/10/2025,TRUE
1119,37,High,North,23/01/2024,TRUE
1120,65,Low,North,25/12/2023,TRUE
1121,47,Medium,West,28/09/2021,TRUE
1122,18,Medium,East,23/10/2022,TRUE
1123,18,High,North,30/10/2024,TRUE
1124,70,Low,South,12/01/2021,TRUE
1125,36,Medium,South,06/08/2025,TRUE
1126,49,Low,South,12/08/2023,TRUE
1127,38,Medium,North,14/09/2022,TRUE
1128,63,Medium,North,11/05/2021,TRUE
1129,55,High,South,08/10/2024,TRUE
1130,72,Low,North,23/05/2023,TRUE
1131,46,Medium,North,17/04/2024,TRUE
1132,64,Medium,North,24/10/2021,TRUE
1133,46,High,South,04/01/2022,TRUE
1134,48,Medium,East,16/03/2021,TRUE
1135,58,High,West,19/02/2021,TRUE
1136,38,Medium,South,30/05/2023,TRUE
1137,58,High,South,04/01/2025,TRUE
1138,67,Medium,North,22/10/2021,TRUE
1139,20,Medium,West,24/08/2021,TRUE
1140,39,High,North,26/10/2022,TRUE
1141,54,Low,North,24/05/2025,TRUE
1142,42,Low,East,22/12/2021,TRUE
1143,46,Low,South,16/02/2024,TRUE
1144,18,Medium,East,05/09/2024,TRUE
1145,52,High,West,23/12/2023,TRUE
1146,67,Medium,North,01/06/2025,TRUE
1147,30,Medium,West,21/05/2024,TRUE
1148,71,High,West,25/10/2025,TRUE
1149,62,Low,North,19/02/2022,TRUE
1150,28,Low,South,08/05/2024,TRUE
1151,63,Low,East,30/08/2021,TRUE
1152,41,Medium,South,25/12/2024,TRUE
1153,18,Medium,South,16/04/2024,TRUE
1154,43,Low,North,15/03/2023,TRUE
1155,58,Medium,East,05/02/2021,TRUE
1156,46,Medium,West,22/12/2023,TRUE
1157,48,Medium,West,02/09/2022,TRUE
1158,64,Medium,South,04/08/2024,TRUE
1159,43,Medium,South,08/08/2024,TRUE
1160,46,Low,West,30/10/2022,TRUE
1161,67,Low,East,27/11/2023,TRUE
1162,54,Medium,North,31/08/2021,TRUE
1163,48,Low,West,12/12/2023,TRUE
1164,26,High,West,14/06/2025,TRUE
1165,18,Low,North,15/11/2023,TRUE
1166,32,Medium,South,03/05/2021,TRUE
1167,53,Low,East,16/03/2024,TRUE
1168,24,Medium,West,03/03/2023,TRUE
1169,43,Medium,South,08/06/2022,TRUE
1170,64,High,South,10/11/2021,TRUE
1171,22,High,North,08/09/2024,TRUE
1172,18,Medium,West,07/08/2021,TRUE
1173,38,Medium,South,16/08/2022,TRUE
1174,62,High,North,01/01/2021,TRUE
1175,47,Medium,North,02/04/2021,TRUE
1176,51,Medium,South,29/08/2023,TRUE
1177,51,High,East,22/11/2022,TRUE
1178,30,Medium,North,22/11/2021,TRUE
1179,30,Medium,West,16/08/2025,TRUE
1180,41,Medium,North,26/07/2022,TRUE
1181,55,Medium,West,28/05/2021,TRUE
1182,18,High,East,14/07/2025,TRUE
1183,24,Low,South,01/08/2022,TRUE
1184,34,Medium,East,22/10/2025,TRUE
1185,36,Medium,North,28/08/2022,TRUE
1186,48,Low,West,20/10/2022,TRUE
1187,43,Low,West,13/08/2023,TRUE
1188,37,Medium,North,28/01/2022,TRUE
1189,71,High,North,04/11/2020,TRUE
1190,45,High,West,07/03/2023,TRUE
1191,48,Medium,South,19/01/2022,TRUE
1192,55,Medium,East,04/12/2021,TRUE
1193,34,Medium,West,01/06/2025,TRUE
1194,72,Low,West,14/12/2022,TRUE
1195,63,Medium,South,22/04/2022,TRUE
1196,47,High,South,03/10/2021,TRUE
1197,44,Medium,South,15/01/2021,TRUE
1198,63,Medium,South,10/12/2021,TRUE
1199,43,Medium,South,12/12/2020,TRUE
1200,51,Medium,West,14/11/2023,TRUE
1201,43,Medium,South,05/11/2022,TRUE
1202,53,High,North,29/07/2023,TRUE
1203,69,Medium,North,15/12/2020,TRUE
1204,61,High,North,21/04/2022,TRUE
1205,25,Medium,East,29/01/2023,TRUE
1206,53,Medium,North,07/04/2021,TRUE
1207,40,Medium,West,24/11/2021,TRUE
1208,26,Low,South,26/05/2024,TRUE
1209,60,Low,North,18/04/2025,TRUE
1210,69,Low,West,15/10/2021,TRUE
1211,52,High,South,12/05/2021,TRUE
1212,39,Low,North,14/11/2024,TRUE
1213,18,Low,East,19/08/2024,TRUE
1214,64,Low,East,25/11/2023,TRUE
1215,43,Medium,South,09/03/2025,TRUE
1216,44,High,East,30/09/2021,TRUE
1217,59,Low,West,31/08/2024,TRUE
1218,29,Medium,East,08/02/2025,TRUE
1219,43,High,West,15/09/2022,TRUE
1220,35,Low,North,10/03/2021,TRUE
1221,43,Medium,West,04/04/2025,TRUE
1222,31,Low,North,22/05/2023,TRUE
1223,18,Medium,South,19/09/2024,TRUE
1224,39,Medium,North,31/01/2021,TRUE
1225,64,Medium,North,03/05/2021,TRUE
1226,49,Low,South,23/11/2024,TRUE
1227,27,Medium,North,27/03/2024,TRUE
1228,18,Low,South,12/06/2024,TRUE
1229,30,Medium,South,27/09/2021,TRUE
1230,54,High,West,28/12/2024,TRUE
1231,29,Medium,North,05/08/2024,TRUE
1232,33,Medium,West,12/06/2021,TRUE
1233,59,Medium,North,05/07/2021,TRUE
1234,52,Medium,South,24/07/2023,TRUE
1235,27,Low,West,30/01/2022,TRUE
1236,58,Low,West,19/05/2021,TRUE
1237,58,High,South,23/11/2021,TRUE
1238,72,Medium,East,28/02/2023,TRUE
1239,21,Medium,East,19/10/2025,TRUE
1240,18,High,North,26/06/2025,TRUE
1241,47,High,East,03/08/2023,TRUE
1242,51,Medium,North,23/01/2024,TRUE
1243,30,Medium,South,02/05/2025,TRUE
1244,34,High,North,01/05/2023,TRUE
1245,58,Medium,East,05/09/2024,TRUE
1246,51,Medium,East,13/02/2025,TRUE
1247,56,Medium,South,24/06/2024,TRUE
1248,71,Medium,North,31/08/2021,TRUE
1249,29,Medium,East,17/10/2021,TRUE
1250,56,Low,North,05/07/2025,TRUE
1251,49,High,North,26/08/2022,TRUE
1252,30,Medium,South,24/06/2024,TRUE
1253,56,Medium,South,29/08/2024,TRUE
1254,44,Low,North,06/10/2022,TRUE
1255,28,Medium,North,04/05/2024,TRUE
1256,73,Low,East,15/09/2023,TRUE
1257,47,Medium,East,04/09/2024,TRUE
1258,59,Low,North,18/03/2024,TRUE
1259,19,High,South,11/05/2024,TRUE
1260,60,Low,East,18/08/2021,TRUE
1261,48,Medium,West,25/06/2023,TRUE
1262,18,Medium,East,13/06/2024,TRUE
1263,50,Low,North,24/06/2023,TRUE
1264,47,Low,North,27/12/2022,TRUE
1265,62,Medium,North,02/01/2024,TRUE
1266,66,Medium,South,13/02/2022,TRUE
1267,54,Medium,North,08/11/2024,TRUE
1268,74,Low,West,23/05/2021,TRUE
1269,48,Low,South,06/08/2021,TRUE
1270,54,Medium,East,19/07/2021,TRUE
1271,31,Low,North,12/08/2021,TRUE
1272,65,Medium,West,29/06/2024,TRUE
1273,46,Medium,North,23/08/2021,TRUE
1274,53,Medium,South,28/12/2023,TRUE
1275,21,Low,North,05/12/2021,TRUE
1276,67,Medium,North,21/07/2025,TRUE
1277,66,High,West,01/05/2021,TRUE
1278,18,Medium,West,23/10/2025,TRUE
1279,26,Medium,East,06/08/2025,TRUE
1280,28,Medium,South,07/08/2025,TRUE
1281,50,Low,East,17/08/2023,TRUE
1282,30,Medium,East,10/11/2021,TRUE
1283,52,Medium,East,25/04/2024,TRUE
1284,50,Medium,North,30/10/2023,TRUE
1285,76,High,North,02/06/2024,TRUE
1286,29,Low,West,04/04/2021,TRUE
1287,44,Medium,East,08/04/2023,TRUE
1288,30,Low,North,24/06/2023,TRUE
1289,47,Medium,North,24/10/2023,TRUE
1290,31,Medium,West,13/09/2021,TRUE
1291,44,Medium,South,26/09/2025,TRUE
1292,36,Medium,East,19/02/2025,TRUE
1293,68,Medium,East,18/08/2022,TRUE
1294,53,Medium,North,19/02/2022,TRUE
1295,52,Medium,West,03/12/2024,TRUE
1296,71,Low,South,23/09/2022,TRUE
1297,29,Medium,South,28/09/2021,TRUE
1298,63,Medium,South,19/10/2023,TRUE
1299,55,Low,North,21/07/2025,TRUE
1300,42,Medium,West,12/12/2023,TRUE
1301,36,Medium,East,18/10/2021,TRUE
1302,42,Low,East,11/03/2023,TRUE
1303,27,Low,West,14/09/2025,TRUE
1304,19,Medium,South,29/09/2022,TRUE
1305,34,Medium,North,21/06/2024,TRUE
1306,74,High,West,04/08/2025,TRUE
1307,51,Low,South,22/07/2025,TRUE
1308,46,Medium,East,16/01/2021,TRUE
1309,19,Low,South,04/02/2023,TRUE
1310,29,Low,East,24/01/2021,TRUE
1311,77,High,East,10/05/2022,TRUE
1312,62,Medium,West,23/02/2023,TRUE
1313,32,Medium,West,13/06/2023,TRUE
1314,46,Medium,South,17/09/2023,TRUE
1315,43,Medium,East,22/10/2023,TRUE
1316,43,Low,West,14/11/2020,TRUE
1317,52,High,North,13/05/2022,TRUE
1318,67,Medium,East,15/01/2022,TRUE
1319,52,Low,West,21/08/2025,TRUE
1320,53,Low,West,25/03/2024,TRUE
1321,51,Medium,West,31/05/2021,TRUE
1322,18,Medium,South,10/01/2022,TRUE
1323,34,Medium,East,30/01/2021,TRUE
1324,38,Medium,North,08/08/2021,TRUE
1325,57,Medium,North,02/05/2025,TRUE
1326,48,Medium,North,26/08/2022,TRUE
1327,51,Medium,South,08/01/2024,TRUE
1328,51,Medium,East,23/05/2024,TRUE
1329,51,Medium,East,05/09/2024,TRUE
1330,61,Medium,West,21/09/2023,TRUE
1331,79,Low,East,28/02/2022,TRUE
1332,58,Medium,North,20/12/2023,TRUE
1333,47,Medium,East,22/06/2023,TRUE
1334,35,Low,East,31/07/2023,TRUE
1335,43,Low,North,25/08/2025,TRUE
1336,32,Low,South,17/07/2021,TRUE
1337,43,Medium,South,08/04/2021,TRUE
1338,36,Medium,West,22/02/2022,TRUE
1339,45,Low,North,28/02/2022,TRUE
1340,27,Medium,East,30/03/2021,TRUE
1341,47,High,North,07/07/2021,TRUE
1342,60,Low,North,19/02/2023,TRUE
1343,47,Medium,North,03/08/2024,TRUE
1344,24,High,West,05/06/2024,TRUE
1345,38,Low,North,13/12/2024,TRUE
1346,41,Low,East,31/07/2024,TRUE
1347,34,High,East,05/05/2024,TRUE
1348,25,High,North,22/02/2023,TRUE
1349,59,Low,North,27/08/2022,TRUE
1350,18,Medium,East,06/03/2025,TRUE
1351,40,Medium,North,15/10/2021,TRUE
1352,18,Medium,North,04/10/2023,TRUE
1353,67,Medium,South,23/06/2024,TRUE
1354,54,Low,North,06/10/2021,TRUE
1355,52,Medium,East,26/03/2023,TRUE
1356,36,Medium,West,16/12/2024,TRUE
1357,42,Medium,East,21/04/2025,TRUE
1358,39,High,North,12/06/2023,TRUE
1359,45,Low,South,17/03/2021,TRUE
1360,45,Medium,West,12/09/2022,TRUE
1361,52,Medium,East,08/03/2024,TRUE
1362,36,Medium,East,15/04/2021,TRUE
1363,51,High,North,19/11/2020,TRUE
1364,52,Medium,North,24/07/2022,TRUE
1365,64,Medium,East,21/05/2023,TRUE
1366,18,High,North,14/08/2022,TRUE
1367,30,Low,North,27/12/2021,TRUE
1368,69,High,West,29/12/2022,TRUE
1369,36,Medium,South,14/04/2023,TRUE
1370,27,Medium,South,12/08/2023,TRUE
1371,67,Low,South,03/11/2021,TRUE
1372,72,Medium,East,20/11/2020,TRUE
1373,55,Low,South,19/01/2025,TRUE
1374,32,Medium,East,25/06/2024,TRUE
1375,58,Medium,East,25/04/2022,TRUE
1376,28,Medium,East,02/12/2021,TRUE
1377,28,Low,South,21/01/2024,TRUE
1378,44,Medium,East,08/05/2025,TRUE
1379,18,Medium,North,11/10/2022,TRUE
1380,44,Medium,West,28/01/2025,TRUE
1381,43,Low,East,28/07/2025,TRUE
1382,25,Medium,South,01/11/2023,TRUE
1383,59,Low,North,07/06/2021,TRUE
1384,45,High,East,13/03/2024,TRUE
1385,48,High,South,07/03/2021,TRUE
1386,58,Medium,West,13/07/2024,TRUE
1387,25,Low,North,24/12/2020,TRUE
1388,49,Low,South,24/09/2024,TRUE
1389,76,Medium,East,25/06/2021,TRUE
1390,64,Low,North,26/06/2023,TRUE
1391,46,Low,South,19/09/2025,TRUE
1392,25,Medium,West,21/06/2024,TRUE
1393,61,High,North,12/09/2025,TRUE
1394,54,Low,West,05/04/2024,TRUE
1395,79,Medium,East,16/05/2024,TRUE
1396,22,High,West,14/04/2023,TRUE
1397,30,High,North,19/10/2021,TRUE
1398,60,Low,West,07/04/2024,TRUE
1399,32,Low,West,30/12/2020,TRUE
1400,34,Medium,East,02/08/2023,TRUE
1401,56,Medium,South,13/04/2022,TRUE
1402,33,Medium,North,25/09/2024,TRUE
1403,45,High,South,25/11/2023,TRUE
1404,46,Medium,East,27/07/2021,TRUE
1405,30,Medium,East,14/07/2024,TRUE
1406,40,Medium,North,20/09/2021,TRUE
1407,18,Medium,East,21/11/2022,TRUE
1408,45,Medium,North,11/07/2024,TRUE
1409,21,Low,East,24/03/2024,TRUE
1410,35,High,South,11/04/2025,TRUE
1411,51,High,North,28/06/2021,TRUE
1412,49,High,South,09/03/2024,TRUE
1413,37,Medium,North,17/06/2023,TRUE
1414,42,Low,South,16/09/2023,TRUE
1415,48,Medium,West,15/09/2022,TRUE
1416,48,High,East,27/08/2023,TRUE
1417,51,High,East,02/04/2022,TRUE
1418,32,Medium,East,21/06/2021,TRUE
1419,47,Low,South,01/03/2025,TRUE
1420,78,High,West,16/10/2021,TRUE
1421,62,Medium,West,02/05/2025,TRUE
1422,26,High,South,27/02/2025,TRUE
1423,60,Medium,South,21/06/2022,TRUE
1424,58,High,North,17/10/2023,TRUE
1425,46,Medium,West,22/10/2023,TRUE
1426,42,Medium,North,28/01/2022,TRUE
1427,47,Low,East,31/10/2022,TRUE
1428,63,Medium,East,11/09/2021,TRUE
1429,64,High,East,24/01/2022,TRUE
1430,42,Low,West,31/12/2022,TRUE
1431,63,Medium,West,01/07/2022,TRUE
1432,60,Medium,North,19/04/2022,TRUE
1433,58,Low,West,13/02/2022,TRUE
1434,41,Medium,East,18/06/2021,TRUE
1435,31,High,South,30/04/2022,TRUE
1436,32,Medium,South,09/01/2025,TRUE
1437,51,Medium,South,07/10/2024,TRUE
1438,45,Medium,East,13/08/2025,TRUE
1439,60,Medium,East,01/10/2025,TRUE
1440,42,Low,West,21/08/2024,TRUE
1441,42,Medium,East,15/08/2025,TRUE
1442,43,Medium,South,28/07/2023,TRUE
1443,35,High,East,06/07/2023,TRUE
1444,53,Medium,South,08/02/2022,TRUE
1445,57,Medium,South,24/07/2024,TRUE
1446,32,Medium,West,27/05/2021,TRUE
1447,56,Medium,North,22/10/2024,TRUE
1448,43,Low,South,31/07/2024,TRUE
1449,34,Low,North,25/05/2023,TRUE
1450,52,Medium,West,27/02/2023,TRUE
1451,30,Medium,South,19/04/2021,TRUE
1452,42,Medium,East,25/10/2023,TRUE
1453,36,Low,West,19/02/2025,TRUE
1454,49,Low,North,14/06/2021,TRUE
1455,63,Medium,South,18/06/2023,TRUE
1456,38,Medium,East,30/09/2024,TRUE
1457,49,Medium,West,31/08/2024,TRUE
1458,44,Medium,North,20/02/2021,TRUE
1459,48,High,North,21/04/2021,TRUE
1460,45,Medium,South,16/12/2023,TRUE
1461,54,Medium,West,06/04/2023,TRUE
1462,36,Low,South,22/06/2021,TRUE
1463,33,Low,North,03/08/2021,TRUE
1464,33,Medium,South,18/02/2025,TRUE
1465,18,High,West,03/02/2024,TRUE
1466,26,Medium,South,03/10/2024,TRUE
1467,42,Low,South,04/10/2025,TRUE
1468,40,Low,East,15/07/2025,TRUE
1469,49,Low,North,03/03/2021,TRUE
1470,31,High,North,24/08/2024,TRUE
1471,47,Low,West,07/09/2025,TRUE
1472,64,Low,West,03/06/2022,TRUE
1473,48,Low,East,22/07/2023,TRUE
1474,41,Medium,West,12/11/2024,TRUE
1475,42,Low,South,31/01/2025,TRUE
1476,48,Medium,South,07/02/2022,TRUE
1477,26,Medium,North,07/05/2021,TRUE
1478,47,Medium,East,26/08/2024,TRUE
1479,54,Medium,North,13/09/2021,TRUE
1480,57,Medium,North,29/09/2023,TRUE
1481,26,Low,South,16/07/2021,TRUE
1482,18,High,West,10/02/2025,TRUE
1483,39,Low,South,16/04/2022,TRUE
1484,43,High,North,25/02/2021,TRUE
1485,39,High,South,05/12/2022,TRUE
1486,49,Medium,South,18/07/2024,TRUE
1487,27,Low,West,23/07/2024,TRUE
1488,52,High,West,12/04/2025,TRUE
1489,62,Low,South,08/04/2025,TRUE
1490,52,Medium,East,04/03/2022,TRUE
1491,30,Medium,West,01/12/2023,TRUE
1492,39,Medium,North,29/12/2023,TRUE
1493,35,Low,East,24/03/2023,TRUE
1494,34,Medium,East,12/02/2024,TRUE
1495,61,Low,South,19/04/2024,TRUE
1496,38,High,North,13/09/2023,TRUE
1497,64,Low,East,07/04/2021,TRUE
1498,28,Medium,North,01/09/2023,TRUE
1499,24,Medium,North,19/05/2021,TRUE
1500,53,Low,South,17/08/2023,TRUE
1501,44,Low,South,16/08/2021,TRUE
1502,41,High,North,26/07/2025,TRUE
1503,49,High,East,10/02/2024,TRUE
1504,69,Medium,North,28/03/2023,TRUE
1505,28,Medium,South,18/12/2022,TRUE
1506,22,High,East,06/02/2022,TRUE
1507,59,Low,South,28/08/2023,TRUE
1508,48,Medium,North,07/07/2021,TRUE
1509,49,Medium,South,11/10/2025,TRUE
1510,47,High,South,09/01/2022,TRUE
1511,18,High,East,18/10/2023,TRUE
1512,42,Medium,West,17/06/2023,TRUE
1513,33,High,South,26/02/2024,TRUE
1514,18,Medium,West,01/12/2021,TRUE
1515,65,High,West,17/07/2021,TRUE
1516,55,Medium,North,15/06/2023,TRUE
1517,70,Medium,East,29/07/2025,TRUE
1518,30,Medium,East,10/01/2024,TRUE
1519,53,Medium,North,13/08/2023,TRUE
1520,33,Low,East,28/11/2021,TRUE
1521,22,High,East,19/04/2025,TRUE
1522,43,High,South,13/08/2021,TRUE
1523,59,Medium,East,03/06/2024,TRUE
1524,44,Low,South,22/02/2025,TRUE
1525,41,Low,North,25/11/2023,TRUE
1526,39,High,North,22/12/2020,TRUE
1527,59,Medium,North,27/11/2023,TRUE
1528,51,Medium,East,13/06/2023,TRUE
1529,58,High,East,10/05/2022,TRUE
1530,56,Medium,East,23/08/2022,TRUE
1531,39,High,East,23/09/2023,TRUE
1532,33,Medium,South,15/12/2024,TRUE
1533,38,High,North,15/06/2022,TRUE
1534,58,Medium,West,30/09/2022,TRUE
1535,40,Low,East,28/12/2021,TRUE
1536,25,Medium,East,20/02/2022,TRUE
1537,36,Low,South,23/06/2021,TRUE
1538,35,Medium,West,03/05/2023,TRUE
1539,34,High,East,06/09/2021,TRUE
1540,73,High,East,20/02/2025,TRUE
1541,35,Medium,East,31/05/2025,TRUE
1542,50,Medium,East,19/04/2025,TRUE
1543,39,Medium,West,21/02/2021,TRUE
1544,28,Medium,West,08/09/2023,TRUE
1545,52,Low,East,08/12/2021,TRUE
1546,66,Medium,East,10/01/2024,TRUE
1547,80,Medium,East,18/02/2022,TRUE
1548,28,Low,West,15/03/2022,TRUE
1549,73,Medium,South,11/05/2022,TRUE
1550,33,Medium,South,25/03/2022,TRUE
1551,18,Medium,North,17/07/2024,TRUE
1552,45,Medium,South,11/03/2021,TRUE
1553,69,Medium,North,25/04/2024,TRUE
1554,50,High,East,02/12/2023,TRUE
1555,24,Medium,South,03/11/2022,TRUE
1556,53,Low,North,07/08/2024,TRUE
1557,37,Low,East,31/03/2023,TRUE
1558,54,Medium,North,21/08/2024,TRUE
1559,30,Low,North,24/10/2022,TRUE
1560,47,High,North,13/05/2025,TRUE
1561,43,High,South,09/11/2022,TRUE
1562,36,Medium,North,15/06/2023,TRUE
1563,77,Medium,South,23/10/2024,TRUE
1564,23,Medium,North,21/06/2022,TRUE
1565,33,Medium,West,13/12/2023,TRUE
1566,41,High,West,03/09/2025,TRUE
1567,68,Low,East,26/07/2024,TRUE
1568,57,Medium,South,30/09/2024,TRUE
1569,32,Medium,West,21/03/2023,TRUE
1570,59,Low,South,26/01/2024,TRUE
1571,48,Medium,North,05/02/2025,TRUE
1572,56,Medium,West,22/04/2025,TRUE
1573,55,Low,North,19/05/2024,TRUE
1574,80,High,South,14/03/2022,TRUE
1575,33,Medium,West,09/07/2022,TRUE
1576,47,Medium,North,30/12/2021,TRUE
1577,66,Medium,West,12/12/2022,TRUE
1578,51,Medium,West,07/04/2021,TRUE
1579,30,Medium,North,28/11/2024,TRUE
1580,49,High,East,24/12/2023,TRUE
1581,27,Low,East,15/07/2025,TRUE
1582,60,Medium,North,10/09/2021,TRUE
1583,38,Medium,South,17/03/2025,TRUE
1584,46,Low,West,18/11/2021,TRUE
1585,39,Low,East,31/03/2023,TRUE
1586,40,Medium,East,14/07/2021,TRUE
1587,64,High,North,09/03/2022,TRUE
1588,41,Medium,West,21/02/2023,TRUE
1589,62,Low,West,22/08/2024,TRUE
1590,39,Medium,West,09/03/2025,TRUE
1591,28,High,South,27/01/2022,TRUE
1592,66,Medium,East,17/07/2024,TRUE
1593,53,Medium,North,07/08/2021,TRUE
1594,36,Medium,South,16/09/2022,TRUE
1595,65,High,South,28/08/2024,TRUE
1596,58,High,South,18/10/2023,TRUE
1597,41,High,North,17/01/2021,TRUE
1598,48,Medium,East,08/05/2024,TRUE
1599,68,Medium,East,10/04/2021,TRUE
1600,22,Low,North,11/03/2024,TRUE
1601,41,Low,South,02/02/2025,TRUE
1602,18,Medium,North,01/01/2024,TRUE
1603,59,Low,East,29/10/2022,TRUE
1604,48,Medium,South,08/02/2024,TRUE
1605,33,Medium,North,07/07/2021,TRUE
1606,69,Medium,East,04/01/2024,TRUE
1607,43,High,South,24/09/2022,TRUE
1608,39,Medium,West,22/01/2021,TRUE
1609,54,Medium,West,14/07/2023,TRUE
1610,69,Medium,South,30/08/2021,TRUE
1611,50,Medium,North,03/09/2023,TRUE
1612,43,High,South,23/01/2022,TRUE
1613,46,Medium,West,28/12/2021,TRUE
1614,33,Low,West,23/02/2021,TRUE
1615,35,High,East,06/04/2023,TRUE
1616,46,Low,South,02/11/2024,TRUE
1617,38,Low,North,01/01/2022,TRUE
1618,56,Low,East,23/10/2024,TRUE
1619,21,Low,South,20/08/2024,TRUE
1620,42,High,South,12/11/2020,TRUE
1621,44,Low,West,30/06/2021,TRUE
1622,49,Medium,East,25/12/2020,TRUE
1623,49,Low,North,31/12/2022,TRUE
1624,37,Low,North,28/08/2022,TRUE
1625,37,Medium,East,03/02/2022,TRUE
1626,50,Medium,North,28/06/2025,TRUE
1627,50,Medium,East,23/04/2025,TRUE
1628,48,Medium,South,03/06/2024,TRUE
1629,61,High,West,07/10/2021,TRUE
1630,21,Medium,South,10/04/2023,TRUE
1631,48,Low,South,04/11/2022,TRUE
1632,28,Medium,West,20/05/2023,TRUE
1633,46,Low,North,09/11/2021,TRUE
1634,35,Medium,East,24/03/2021,TRUE
1635,32,Low,South,06/11/2022,TRUE
1636,28,High,West,23/05/2024,TRUE
1637,56,High,North,16/09/2024,TRUE
1638,18,High,West,10/05/2021,TRUE
1639,45,Low,South,06/10/2021,TRUE
1640,53,Medium,East,26/01/2025,TRUE
1641,49,Medium,South,19/05/2025,TRUE
1642,18,Low,West,17/12/2020,TRUE
1643,44,Medium,North,16/03/2025,TRUE
1644,62,Medium,East,17/09/2025,TRUE
1645,49,Medium,South,17/11/2022,TRUE
1646,45,Medium,North,16/01/2022,TRUE
1647,21,Medium,East,19/04/2023,TRUE
1648,27,Medium,East,21/06/2024,TRUE
1649,18,High,North,31/10/2020,TRUE
1650,58,Low,East,28/10/2023,TRUE
1651,47,Medium,West,13/11/2022,TRUE
1652,77,Medium,West,03/09/2025,TRUE
1653,48,High,East,13/05/2024,TRUE
1654,28,Medium,South,31/05/2022,TRUE
1655,43,Medium,West,19/07/2021,TRUE
1656,31,Low,West,10/04/2025,TRUE
1657,56,High,South,21/11/2023,TRUE
1658,40,Medium,East,25/05/2021,TRUE
1659,28,Medium,North,18/04/2025,TRUE
1660,58,Low,South,13/06/2025,TRUE
1661,24,Medium,South,19/02/2025,TRUE
1662,28,Low,South,20/02/2025,TRUE
1663,43,Medium,East,14/07/2025,TRUE
1664,50,High,North,29/12/2020,TRUE
1665,62,Medium,North,22/02/2024,TRUE
1666,59,Medium,North,26/10/2024,TRUE
1667,67,Low,West,11/03/2021,TRUE
1668,54,Low,West,10/02/2024,TRUE
1669,22,Low,West,30/12/2023,TRUE
1670,41,Low,North,24/12/2022,TRUE
1671,63,Medium,North,16/12/2020,TRUE
1672,22,Low,North,10/11/2023,TRUE
1673,38,Medium,North,24/05/2021,TRUE
1674,24,Medium,South,03/10/2023,TRUE
1675,35,Low,South,15/11/2022,TRUE
1676,55,Low,East,14/09/2021,TRUE
1677,52,High,South,08/10/2025,TRUE
1678,50,Medium,South,26/08/2023,TRUE
1679,47,Low,South,15/12/2021,TRUE
1680,39,Medium,East,13/03/2021,TRUE
1681,33,High,South,26/10/2023,TRUE
1682,60,Medium,East,19/06/2025,TRUE
1683,55,Medium,West,13/09/2023,TRUE
1684,27,Low,East,23/04/2022,TRUE
1685,20,Medium,South,09/10/2024,TRUE
1686,52,Medium,West,21/11/2024,TRUE
1687,74,Medium,North,16/05/2022,TRUE
1688,60,Low,South,19/12/2021,TRUE
1689,30,Medium,South,11/05/2021,TRUE
1690,36,Low,South,17/09/2024,TRUE
1691,51,Low,East,18/02/2021,TRUE
1692,55,High,East,26/04/2023,TRUE
1693,49,High,East,15/07/2022,TRUE
1694,32,Medium,South,12/03/2021,TRUE
1695,37,Medium,North,08/07/2022,TRUE
1696,45,Medium,South,06/03/2021,TRUE
1697,28,Medium,East,04/07/2023,TRUE
1698,47,Low,North,17/06/2023,TRUE
1699,18,Low,East,16/03/2025,TRUE
1700,75,High,West,17/03/2024,TRUE
1701,34,Low,North,10/06/2025,TRUE
1702,47,Low,North,05/11/2024,TRUE
1703,34,High,East,23/12/2022,TRUE
1704,23,High,East,17/02/2021,TRUE
1705,49,Low,East,12/06/2022,TRUE
1706,37,Medium,West,03/04/2023,TRUE
1707,31,High,North,10/11/2023,TRUE
1708,30,Medium,East,24/03/2021,TRUE
1709,52,Medium,North,24/08/2023,TRUE
1710,61,Medium,West,22/02/2023,TRUE
1711,43,Low,South,17/11/2021,TRUE
1712,57,High,East,14/12/2023,TRUE
1713,34,Medium,South,15/07/2024,TRUE
1714,44,High,East,22/03/2024,TRUE
1715,48,Low,West,24/07/2024,TRUE
1716,18,Medium,South,10/02/2024,TRUE
1717,65,Medium,East,15/09/2023,TRUE
1718,28,Low,South,30/05/2022,TRUE
1719,50,Low,East,15/01/2025,TRUE
1720,32,High,West,19/01/2025,TRUE
1721,18,Low,East,12/12/2023,TRUE
1722,18,High,North,28/03/2025,TRUE
1723,62,High,North,02/02/2023,TRUE
1724,40,Medium,North,10/07/2021,TRUE
1725,53,Low,West,06/06/2024,TRUE
1726,55,Medium,South,29/06/2021,TRUE
1727,31,Medium,East,25/06/2024,TRUE
1728,46,Low,North,10/05/2022,TRUE
1729,62,Low,North,17/06/2025,TRUE
1730,49,Medium,West,27/04/2023,TRUE
1731,27,Medium,South,21/07/2023,TRUE
1732,25,Low,East,10/09/2021,TRUE
1733,62,Medium,East,02/07/2021,TRUE
1734,72,Low,South,11/08/2023,TRUE
1735,57,High,East,03/05/2023,TRUE
1736,51,Low,North,06/06/2023,TRUE
1737,49,Medium,East,12/08/2024,TRUE
1738,64,Medium,West,11/06/2024,TRUE
1739,38,Medium,South,28/03/2022,TRUE
1740,56,High,North,06/08/2024,TRUE
1741,27,Medium,North,24/10/2023,TRUE
1742,49,Low,South,16/08/2024,TRUE
1743,51,Medium,West,07/03/2021,TRUE
1744,36,Low,East,27/10/2023,TRUE
1745,36,Medium,East,09/07/2024,TRUE
1746,38,Medium,South,27/02/2023,TRUE
1747,18,High,South,23/04/2021,TRUE
1748,27,Low,South,17/06/2021,TRUE
1749,21,High,South,11/04/2024,TRUE
1750,51,High,North,29/11/2023,TRUE
1751,55,Low,West,09/03/2025,TRUE
1752,48,Medium,West,08/03/2022,TRUE
1753,27,Low,South,31/01/2021,TRUE
1754,60,Low,North,13/01/2022,TRUE
1755,42,Medium,North,19/07/2024,TRUE
1756,31,Low,East,12/02/2021,TRUE
1757,37,Medium,East,23/11/2021,TRUE
1758,61,Medium,East,23/05/2021,TRUE
1759,24,Low,South,30/10/2022,TRUE
1760,56,High,East,09/12/2023,TRUE
1761,52,Medium,West,26/11/2023,TRUE
1762,31,High,East,29/01/2024,TRUE
1763,56,Low,East,24/08/2025,TRUE
1764,35,High,South,04/02/2021,TRUE
1765,29,Medium,South,15/02/2022,TRUE
1766,74,Medium,West,24/08/2024,TRUE
1767,50,Low,North,23/12/2023,TRUE
1768,53,Low,West,26/12/2023,TRUE
1769,65,Low,East,06/08/2024,TRUE
1770,57,Low,South,22/06/2021,TRUE
1771,29,High,North,14/09/2025,TRUE
1772,50,Medium,South,28/12/2021,TRUE
1773,31,Low,West,28/04/2025,TRUE
1774,48,Low,West,11/12/2023,TRUE
1775,57,High,West,16/03/2024,TRUE
1776,26,Medium,East,30/06/2023,TRUE
1777,36,Low,West,11/03/2023,TRUE
1778,40,Medium,North,11/12/2022,TRUE
1779,27,Low,West,14/10/2021,TRUE
1780,72,High,South,15/01/2021,TRUE
1781,48,High,South,28/05/2022,TRUE
1782,30,High,South,24/01/2025,TRUE
1783,60,Low,South,23/03/2025,TRUE
1784,58,Medium,North,11/02/2024,TRUE
1785,53,High,South,07/08/2025,TRUE
1786,18,High,South,27/10/2021,TRUE
1787,51,High,South,18/01/2023,TRUE
1788,64,Medium,East,13/01/2023,TRUE
1789,28,Low,North,13/08/2024,TRUE
1790,41,High,North,24/08/2022,TRUE
1791,55,Medium,East,02/04/2023,TRUE
1792,32,Low,West,31/12/2024,TRUE
1793,66,Low,North,10/07/2022,TRUE
1794,37,Low,East,12/11/2021,TRUE
1795,62,Low,South,22/12/2021,TRUE
1796,18,Medium,South,14/06/2021,TRUE
1797,31,High,East,31/08/2024,TRUE
1798,56,Low,North,16/04/2022,TRUE
1799,61,Medium,South,09/08/2024,TRUE
1800,51,High,East,26/07/2021,TRUE
1801,34,Low,East,16/07/2023,TRUE
1802,18,Medium,West,11/10/2023,TRUE
1803,18,Medium,West,16/05/2021,TRUE
1804,18,High,South,01/07/2025,TRUE
1805,54,Medium,North,07/06/2025,TRUE
1806,69,Medium,North,17/04/2023,TRUE
1807,41,High,East,16/05/2023,TRUE
1808,54,Medium,East,28/02/2022,TRUE
1809,40,Low,East,20/04/2022,TRUE
1810,30,Medium,East,24/11/2023,TRUE
1811,36,Medium,West,23/02/2025,TRUE
1812,37,Medium,South,23/09/2022,TRUE
1813,32,High,East,08/11/2021,TRUE
1814,45,Low,East,13/07/2022,TRUE
1815,52,Low,East,01/01/2022,TRUE
1816,29,Medium,East,01/11/2022,TRUE
1817,57,Low,South,08/01/2025,TRUE
1818,48,Low,West,16/01/2021,TRUE
1819,67,Medium,North,22/11/2023,TRUE
1820,34,Low,South,14/07/2025,TRUE
1821,23,Low,West,09/09/2025,TRUE
1822,37,High,South,17/12/2023,TRUE
1823,59,Low,North,18/10/2024,TRUE
1824,52,Medium,East,06/07/2025,TRUE
1825,46,Medium,South,04/12/2021,TRUE
1826,37,Medium,West,21/07/2021,TRUE
1827,53,Medium,East,19/05/2021,TRUE
1828,43,Medium,West,14/06/2023,TRUE
1829,35,High,West,17/03/2024,TRUE
1830,53,Low,West,22/11/2024,TRUE
1831,80,Medium,North,17/04/2025,TRUE
1832,62,High,North,25/04/2024,TRUE
1833,55,Medium,West,21/04/2024,TRUE
1834,46,Low,East,17/09/2025,TRUE
1835,43,Low,East,13/06/2021,TRUE
1836,18,Medium,East,20/11/2021,TRUE
1837,27,Medium,North,08/07/2023,TRUE
1838,44,High,East,14/06/2021,TRUE
1839,33,Medium,South,25/08/2024,TRUE
1840,45,High,West,13/10/2024,TRUE
1841,45,Medium,East,22/03/2025,TRUE
1842,51,Low,East,02/10/2023,TRUE
1843,31,Medium,West,29/11/2021,TRUE
1844,46,High,North,05/07/2025,TRUE
1845,41,High,North,15/05/2022,TRUE
1846,38,Medium,North,01/12/2021,TRUE
1847,22,Medium,North,02/07/2024,TRUE
1848,64,Medium,North,05/02/2025,TRUE
1849,55,Low,West,17/04/2021,TRUE
1850,50,Medium,North,16/11/2021,TRUE
1851,27,Medium,East,24/03/2025,TRUE
1852,41,Low,East,14/02/2022,TRUE
1853,54,Medium,South,29/05/2023,TRUE
1854,45,High,South,22/03/2022,TRUE
1855,28,High,West,14/03/2022,TRUE
1856,18,Medium,South,26/07/2023,TRUE
1857,80,Low,East,27/09/2022,TRUE
1858,40,Medium,South,07/10/2023,TRUE
1859,41,High,South,27/03/2025,TRUE
1860,39,Low,South,28/03/2023,TRUE
1861,52,Medium,South,29/06/2021,TRUE
1862,18,Medium,West,14/12/2022,TRUE
1863,24,Low,South,28/06/2022,TRUE
1864,34,Medium,North,04/07/2025,TRUE
1865,66,Medium,East,26/02/2023,TRUE
1866,38,Low,East,19/11/2021,TRUE
1867,49,Medium,East,25/05/2023,TRUE
1868,41,Medium,West,11/05/2025,TRUE
1869,42,Medium,North,13/08/2021,TRUE
1870,42,Low,West,04/02/2025,TRUE
1871,44,High,East,03/04/2022,TRUE
1872,48,Low,East,05/10/2025,TRUE
1873,58,Low,North,18/02/2022,TRUE
1874,27,Low,West,11/04/2022,TRUE
1875,53,Medium,South,10/09/2023,TRUE
1876,54,Low,South,13/08/2025,TRUE
1877,65,Medium,North,03/03/2021,TRUE
1878,35,Low,North,23/01/2021,TRUE
1879,55,Medium,West,06/07/2021,TRUE
1880,42,Medium,South,17/03/2021,TRUE
1881,36,Medium,South,22/09/2025,TRUE
1882,52,Medium,West,27/01/2023,TRUE
1883,62,Low,North,12/08/2022,TRUE
1884,80,Low,North,08/09/2025,TRUE
1885,58,Low,West,13/05/2024,TRUE
1886,59,Low,South,29/01/2021,TRUE
1887,34,Low,South,21/01/2025,TRUE
1888,24,Medium,West,18/06/2025,TRUE
1889,47,Low,West,14/04/2023,TRUE
1890,37,Medium,East,23/05/2023,TRUE
1891,26,Low,South,05/12/2024,TRUE
1892,48,Medium,North,26/11/2022,TRUE
1893,34,Low,North,10/04/2024,TRUE
1894,59,Medium,East,09/05/2023,TRUE
1895,32,Low,West,05/09/2024,TRUE
1896,52,Low,North,10/06/2021,TRUE
1897,33,High,East,01/05/2021,TRUE
1898,69,Low,West,02/03/2022,TRUE
1899,32,Medium,North,23/07/2024,TRUE
1900,26,Medium,North,10/05/2024,TRUE
1901,19,Medium,West,09/12/2024,TRUE
1902,28,Low,South,08/10/2024,TRUE
1903,29,Medium,East,22/07/2022,TRUE
1904,39,Low,South,18/09/2023,TRUE
1905,49,Low,West,16/01/2022,TRUE
1906,32,Medium,South,25/06/2023,TRUE
1907,57,Medium,North,16/07/2023,TRUE
1908,47,Medium,West,05/10/2023,TRUE
1909,65,High,West,18/03/2024,TRUE
1910,64,High,North,07/12/2021,TRUE
1911,69,Medium,East,22/12/2023,TRUE
1912,49,Low,East,14/03/2025,TRUE
1913,38,Medium,North,06/08/2025,TRUE
1914,48,Medium,North,21/09/2021,TRUE
1915,61,Medium,East,15/07/2023,TRUE
1916,18,High,North,17/11/2022,TRUE
1917,45,High,North,15/10/2024,TRUE
1918,63,Medium,East,11/11/2021,TRUE
1919,53,Low,East,05/02/2023,TRUE
1920,41,Medium,East,23/08/2024,TRUE
1921,33,High,North,06/12/2022,TRUE
1922,24,High,East,07/01/2022,TRUE
1923,56,Low,East,23/08/2021,TRUE
1924,59,High,South,02/04/2021,TRUE
1925,44,Low,South,16/04/2023,TRUE
1926,52,High,South,02/02/2024,TRUE
1927,35,Medium,South,18/05/2024,TRUE
1928,41,Medium,South,07/12/2022,TRUE
1929,67,Medium,South,07/03/2022,TRUE
1930,43,Medium,South,10/08/2023,TRUE
1931,65,Medium,East,25/09/2025,TRUE
1932,46,Medium,South,25/06/2023,TRUE
1933,49,Medium,East,08/06/2022,TRUE
1934,42,Medium,North,06/03/2022,TRUE
1935,47,Medium,South,22/01/2025,TRUE
1936,80,Low,North,14/03/2025,TRUE
1937,43,Medium,North,16/10/2024,TRUE
1938,53,Low,East,23/01/2025,TRUE
1939,55,Low,East,12/06/2023,TRUE
1940,80,Low,North,19/01/2025,TRUE
1941,18,Low,East,07/01/2021,TRUE
1942,40,Medium,West,02/08/2021,TRUE
1943,33,Low,West,01/03/2024,TRUE
1944,42,Medium,East,13/02/2025,TRUE
1945,45,Low,East,16/09/2024,TRUE
1946,41,High,West,13/11/2022,TRUE
1947,18,High,East,26/08/2022,TRUE
1948,75,Low,South,13/10/2025,TRUE
1949,42,Medium,East,28/10/2023,TRUE
1950,21,Medium,North,27/03/2021,TRUE
1951,64,Medium,South,02/04/2021,TRUE
1952,45,High,West,20/03/2023,TRUE
1953,55,High,West,11/01/2025,TRUE
1954,53,Medium,East,28/10/2024,TRUE
1955,77,Medium,East,02/04/2023,TRUE
1956,34,Low,East,21/05/2025,TRUE
1957,42,Medium,East,21/11/2020,TRUE
1958,32,High,South,25/09/2021,TRUE
1959,18,Medium,West,26/06/2024,TRUE
1960,44,Medium,West,17/12/2021,TRUE
1961,50,Low,West,26/01/2023,TRUE
1962,40,Medium,South,07/12/2023,TRUE
1963,55,Low,South,01/04/2024,TRUE
1964,45,High,South,07/12/2023,TRUE
1965,39,Medium,West,16/03/2021,TRUE
1966,24,Medium,East,24/03/2024,TRUE
1967,44,Low,South,03/04/2021,TRUE
1968,49,Medium,North,02/09/2025,TRUE
1969,54,Medium,West,07/08/2025,TRUE
1970,21,High,East,23/06/2022,TRUE
1971,50,Medium,North,27/11/2023,TRUE
1972,67,Low,East,11/07/2025,TRUE
1973,59,High,South,11/04/2023,TRUE
1974,79,Low,East,12/06/2021,TRUE
1975,18,High,North,09/02/2024,TRUE
1976,34,Medium,South,09/02/2025,TRUE
1977,43,Low,East,26/08/2024,TRUE
1978,39,High,South,01/07/2025,TRUE
1979,33,High,East,15/03/2023,TRUE
1980,46,Medium,West,31/10/2021,TRUE
1981,48,Medium,West,30/11/2021,TRUE
1982,46,Medium,North,23/08/2021,TRUE
1983,28,Medium,South,03/03/2024,TRUE
1984,46,Medium,North,30/12/2023,TRUE
1985,44,High,South,15/09/2023,TRUE
1986,23,Medium,East,26/07/2025,TRUE
1987,21,Medium,North,06/12/2023,TRUE
1988,57,High,North,18/01/2022,TRUE
1989,41,Low,East,07/07/2022,TRUE
1990,43,Low,North,24/02/2025,TRUE
1991,40,Low,West,27/03/2024,TRUE
1992,44,Medium,West,27/01/2025,TRUE
1993,51,Low,East,01/03/2021,TRUE
1994,57,High,East,16/03/2021,TRUE
1995,21,High,East,24/02/2021,TRUE
1996,45,High,North,26/12/2021,TRUE
1997,34,Medium,North,27/08/2023,TRUE
1998,35,Low,West,06/11/2024,TRUE
1999,60,Medium,West,28/03/2025,TRUE
2000,38,High,North,15/09/2024,TRUE
